-- MySQL dump 10.13  Distrib 5.7.25, for Linux (x86_64)
--
-- Host: localhost    Database: rhodes
-- ------------------------------------------------------
-- Server version	5.7.25-0ubuntu0.18.04.2

/*!40101 SET @OLD_CHARACTER_SET_CLIENT=@@CHARACTER_SET_CLIENT */;
/*!40101 SET @OLD_CHARACTER_SET_RESULTS=@@CHARACTER_SET_RESULTS */;
/*!40101 SET @OLD_COLLATION_CONNECTION=@@COLLATION_CONNECTION */;
/*!40101 SET NAMES utf8 */;
/*!40103 SET @OLD_TIME_ZONE=@@TIME_ZONE */;
/*!40103 SET TIME_ZONE='+00:00' */;
/*!40014 SET @OLD_UNIQUE_CHECKS=@@UNIQUE_CHECKS, UNIQUE_CHECKS=0 */;
/*!40014 SET @OLD_FOREIGN_KEY_CHECKS=@@FOREIGN_KEY_CHECKS, FOREIGN_KEY_CHECKS=0 */;
/*!40101 SET @OLD_SQL_MODE=@@SQL_MODE, SQL_MODE='NO_AUTO_VALUE_ON_ZERO' */;
/*!40111 SET @OLD_SQL_NOTES=@@SQL_NOTES, SQL_NOTES=0 */;

--
-- Table structure for table `cables`
--

DROP TABLE IF EXISTS `cables`;
/*!40101 SET @saved_cs_client     = @@character_set_client */;
/*!40101 SET character_set_client = utf8 */;
CREATE TABLE `cables` (
  `ID` int(11) NOT NULL,
  `UPC` varchar(50) DEFAULT NULL,
  `Connector_A` varchar(50) DEFAULT NULL,
  `Connector_B` varchar(50) DEFAULT NULL,
  `Length` varchar(50) DEFAULT NULL,
  `In_Stock` int(11) DEFAULT NULL,
  `Taken` int(11) DEFAULT NULL,
  PRIMARY KEY (`ID`),
  CONSTRAINT `cables_ibfk_1` FOREIGN KEY (`ID`) REFERENCES `equipment` (`id`)
) ENGINE=InnoDB DEFAULT CHARSET=utf8;
/*!40101 SET character_set_client = @saved_cs_client */;

--
-- Dumping data for table `cables`
--

LOCK TABLES `cables` WRITE;
/*!40000 ALTER TABLE `cables` DISABLE KEYS */;
INSERT INTO `cables` VALUES (6,'','Mini DisplayPort','VGA',NULL,2,0),(8,'','USB','RS 485/422',NULL,2,0),(9,'','Mini DisplayPort','HDMI','6 Feet',9,2),(10,'','HDMI','HDMI','6 Feet',6,0),(11,'','HDMI','HDMI','6 Feet',1,0),(12,'','HDMI','HDMI','3 Feet',1,0),(13,'','HDMI','DisplayPort','6 Feet',1,1);
/*!40000 ALTER TABLE `cables` ENABLE KEYS */;
UNLOCK TABLES;

--
-- Table structure for table `comments`
--

DROP TABLE IF EXISTS `comments`;
/*!40101 SET @saved_cs_client     = @@character_set_client */;
/*!40101 SET character_set_client = utf8 */;
CREATE TABLE `comments` (
  `ID` bigint(20) NOT NULL,
  `Thread` int(150) NOT NULL,
  `Created` timestamp NOT NULL DEFAULT CURRENT_TIMESTAMP ON UPDATE CURRENT_TIMESTAMP,
  `Author` int(11) NOT NULL,
  `Content` varchar(5000) DEFAULT NULL,
  PRIMARY KEY (`ID`),
  KEY `Author` (`Author`),
  KEY `Thread` (`Thread`),
  CONSTRAINT `comments_ibfk_1` FOREIGN KEY (`Author`) REFERENCES `people` (`ID`),
  CONSTRAINT `comments_ibfk_2` FOREIGN KEY (`Thread`) REFERENCES `tickets` (`ID`)
) ENGINE=InnoDB DEFAULT CHARSET=latin1;
/*!40101 SET character_set_client = @saved_cs_client */;

--
-- Dumping data for table `comments`
--

LOCK TABLES `comments` WRITE;
/*!40000 ALTER TABLE `comments` DISABLE KEYS */;
INSERT INTO `comments` VALUES (0,1,'2019-03-04 13:38:31',46,'Submitted report to NovAtel. I can close it now.'),(1,4,'2019-03-04 08:42:33',46,'Sent report to Lee.'),(2,6,'2019-03-04 09:44:53',46,'Freezes screen at wakeup. No login screen. Installing latest Nvidia drivers.'),(3,6,'2019-03-04 10:44:27',46,'Purged, found 410 and 375 left over files. Installing 390 from source.'),(4,7,'2019-03-04 11:09:06',46,'Adam asked if we use MS Project or any other software for Gantt Chart.'),(5,7,'2019-03-04 11:13:51',46,'Sent Adam Excel tutorial. Waiting for follow up.'),(6,8,'2019-03-04 11:20:19',46,'I found the cable and unplugged it.'),(7,8,'2019-03-04 11:27:46',46,'Alex can login now, after reboot from pulling power cable.'),(8,7,'2019-03-04 13:41:36',46,'Integration team is using a free software called Gantt Project.'),(9,6,'2019-03-04 13:42:25',46,'Installing nvidia-415 did not resolve the issue. Trying purging and installing 390.'),(10,11,'2019-03-04 13:59:41',46,'I set the temp to away and on hold.'),(11,6,'2019-03-04 14:17:00',46,'Installing 390 appears to work well.'),(12,9,'2019-03-04 15:14:24',46,'Appears to be a real email.'),(13,12,'2019-03-04 15:22:38',46,'Removed 7 users from group. Sent screen shots to Tyler.'),(14,6,'2019-03-05 14:19:14',46,'Installing CUDA seems to have given the operating system solid access to the GPU. I can see now with nvidia-smi the driver and operations on the VBIOS. ACPI problem is still an issue, which I think is resolved with a kernel update. I do not think I should mainline it. The option is to use ukuu otherwise. I might want to suggest creating our own operating system in the future.'),(15,10,'2019-03-05 14:27:10',46,'Wiping drive.'),(16,5,'2019-03-05 14:32:15',46,'I suggested that we change the email. Close the email option. Have guests use the portal.'),(17,10,'2019-03-05 14:33:32',46,'Installing macOS.'),(18,10,'2019-03-05 17:04:54',46,'Done wiping.'),(19,20,'2019-03-05 18:33:02',46,'Alex from NovaTel recommends using fiber for the 10Gbps.'),(20,6,'2019-03-05 19:09:35',46,'Ian believes it could be a problem with Windows 10 hibernate.'),(21,21,'2019-03-05 20:33:30',46,'Running installation now of Windows 10 Pro.'),(22,21,'2019-03-05 21:51:35',46,'Returned computer to desk of Sneha.'),(23,6,'2019-03-05 22:08:06',46,'Ian mentioned that changing the state of hiberation on Windows might help the ACPI issue.'),(24,13,'2019-03-05 22:11:08',46,'Waiting for Loni and Chelsea to identify Scanning Group. Then will ask them about purchasing.'),(25,18,'2019-03-05 22:36:21',46,'Routinely send morning updates at 9 AM until told to stop.'),(26,16,'2019-03-06 14:35:43',46,'Dropbox is ignoring me.'),(27,13,'2019-03-06 14:36:55',46,'Updated ticket. Loni wants me to determine the pros and cons.'),(28,27,'2019-03-06 14:50:18',46,'Loni is concerned about deleting and clicking on emails that may reflect how others see them in the group.'),(29,28,'2019-03-06 14:53:26',46,'Warranty has expired.'),(30,29,'2019-03-06 15:23:09',46,'Sent Kim options.'),(31,5,'2019-03-06 15:33:48',46,'We cannot filter spam from domain level. Spam must be filtered at ZenDesk level. We cannot filter spam at this level. It is too restricted. We must shift through email manual otherwise or change email to something else and communicate that. Sent this information to Chris Warren. There is no other steps to be taken.'),(32,27,'2019-03-06 15:35:17',46,'We could use shared mailboxes. I need to put this on hold until I can brainstorm a strat to talk about this.'),(33,28,'2019-03-06 16:00:59',46,'Wrote steps on how to reset PRAM and SCM.'),(34,6,'2019-03-06 18:20:08',46,'I solved the problem with disabling acpi wakeup processes.'),(35,6,'2019-03-06 20:21:25',46,'Script resolved the issue!'),(36,38,'2019-03-06 21:16:31',46,'Posted to general group chat.'),(37,34,'2019-03-07 14:40:52',46,'Phone deployed. License set. Tutorial given. Done.'),(38,36,'2019-03-07 19:56:52',46,'They completed an update. I gave them access to the room alone.'),(39,39,'2019-03-07 19:57:22',46,'I asked Adam Kidd to contact David Roth.'),(40,33,'2019-03-07 20:11:33',46,'All problems resolved. Waiting for users to pick up laptops.'),(41,35,'2019-03-07 20:12:03',46,'Desktop problems resolved. Waiting for users to pick up workstations.'),(42,27,'2019-03-07 21:37:59',46,'Research done. It appears groups are better. Loni still wants everyone to receive an email.'),(43,50,'2019-03-08 16:12:28',46,'Told Nicole she should consider reformatting her phone for her personal security. Explained that anytime a link is opened, you should consider that as being compromised.'),(44,44,'2019-03-08 16:12:52',46,'Installing VM instead of dual boot.'),(45,51,'2019-03-08 17:31:25',46,'Approved by Tyler. Need qt now.'),(46,77,'2019-03-08 17:32:20',46,'Done.'),(47,41,'2019-03-08 17:32:53',46,'Script on prompt 005 now switches this for all tickets.'),(48,44,'2019-03-08 17:33:31',46,'Moving to VM instead.'),(49,80,'2019-03-08 17:52:59',46,'Gave Kevin access to server room. Provided cables. Waiting for information on how the receivers are organized.'),(50,81,'2019-03-08 18:56:51',46,'Sent Jeannette a picture of what we needed.'),(51,97,'2019-03-08 20:15:14',46,'Sent requests for reports.'),(52,82,'2019-03-08 22:15:46',46,'It would work, but it appears difficult to use in our system.'),(53,30,'2019-03-08 22:16:32',46,'Receiving quote from Aurelia later next week for phone and FortiGate.'),(54,51,'2019-03-12 15:16:58',46,'Ashley bought licenses and sent me the link.'),(55,81,'2019-03-12 15:17:25',46,'Lost. Will need to buy a replacement.'),(56,99,'2019-03-12 15:21:30',46,'Total is 849.10'),(57,100,'2019-03-12 15:23:01',46,'Installed in a root folder of program. Went to location and removed it manually.'),(58,103,'2019-03-12 15:26:20',46,'Deferred to Kate Baker.'),(59,104,'2019-03-12 15:29:16',46,'He did not enter his passcode in correctly.'),(60,98,'2019-03-12 15:48:04',46,'Ben Janksy found a solution himself.'),(61,106,'2019-03-12 16:28:51',46,'We will be compliant in 12 months.'),(62,102,'2019-03-12 18:48:46',46,'Session recorded and uploaded to DB.'),(63,43,'2019-03-12 18:57:48',46,'I moved over enough, I believe.'),(64,99,'2019-03-13 13:17:15',46,'Quote created and sent. About $820.'),(65,25,'2019-03-13 13:18:36',46,'Greg will send out communication that I will collect software information.'),(66,116,'2019-03-13 13:40:58',46,'TThe difference I have noticed between suspend enabled is that the LED for the power button turns off. When it is disabled, the LED for the power button does not turn off.'),(67,119,'2019-03-13 13:52:25',46,'The fix is a work around turns off ACPI via systemd, which is fighting the default settings Ubuntu runs on kernel 4.15x. It is not going to work in all circumstances. For example, I found turning the computer to suspend on login screen will usually cause a problem with wake up. We needed to balance a platform that supports the specs engineers advised me to buy while also being something that was certified to support Ubuntu. But for some reason, when it is dual booted, it is no longer supported by Dell and has this issue.'),(68,120,'2019-03-13 14:31:11',46,'We have the latest version of Excel. So whatever one version does, we should be able to do it on the latest version.'),(69,116,'2019-03-13 14:31:42',46,'Will receive new email soon.'),(70,121,'2019-03-13 14:46:24',46,'Location is in /opt/'),(71,122,'2019-03-13 14:47:43',46,'BTU is 60k or 5 tons'),(72,124,'2019-03-13 15:21:39',46,'License is for 15 not 14. We have 14 licenses.'),(73,123,'2019-03-13 16:29:55',46,'less than 1 Gbps for everthing besides fiber'),(74,127,'2019-03-13 18:23:06',46,'Told Robert what Allan was assigned.'),(75,135,'2019-03-14 19:24:00',46,'Quote given is near $300 a month.');
/*!40000 ALTER TABLE `comments` ENABLE KEYS */;
UNLOCK TABLES;

--
-- Table structure for table `computers`
--

DROP TABLE IF EXISTS `computers`;
/*!40101 SET @saved_cs_client     = @@character_set_client */;
/*!40101 SET character_set_client = utf8 */;
CREATE TABLE `computers` (
  `ID` int(11) NOT NULL,
  `Manufacturer_Brand` varchar(50) DEFAULT NULL,
  `BIOS_Version` varchar(50) DEFAULT NULL,
  `Service_Tag` varchar(50) DEFAULT NULL,
  `Asset_Tag` varchar(50) DEFAULT NULL,
  `Ownership_Tag` varchar(50) DEFAULT NULL,
  `Manufacture_Date` timestamp NULL DEFAULT NULL,
  `Ownership_Date` timestamp NULL DEFAULT NULL,
  `Express_Service_Code` varchar(50) DEFAULT NULL,
  `Signed_Firmware_Update_Enabled` tinyint(1) DEFAULT NULL,
  `Memory_Installed_Amount` varchar(50) DEFAULT NULL,
  `Memory_Available` varchar(50) DEFAULT NULL,
  `Memory_Speed` varchar(50) DEFAULT NULL,
  `Memory_Channel_Mode` varchar(50) DEFAULT NULL,
  `Memory_Technology` varchar(50) DEFAULT NULL,
  `DIMM_A_Size` varchar(50) DEFAULT NULL,
  `DIMM_B_Size` varchar(50) DEFAULT NULL,
  `DIMM_C_Size` varchar(50) DEFAULT NULL,
  `DIMM_D_Size` varchar(50) DEFAULT NULL,
  `DIMM_E_Size` varchar(50) DEFAULT NULL,
  `DIMM_F_Size` varchar(50) DEFAULT NULL,
  `Processor_Type` varchar(50) DEFAULT NULL,
  `Core_Count` smallint(6) DEFAULT NULL,
  `Processor_ID` varchar(50) DEFAULT NULL,
  `Current_Clock_Speed` varchar(50) DEFAULT NULL,
  `Min_Clock_Speed` varchar(50) DEFAULT NULL,
  `Max_Clock_Speed` varchar(50) DEFAULT NULL,
  `Processor_L1_Cache` varchar(50) DEFAULT NULL,
  `Processor_L2_Cache` varchar(50) DEFAULT NULL,
  `Processor_L3_Cache` varchar(50) DEFAULT NULL,
  `Processor_L4_Cache` varchar(50) DEFAULT NULL,
  `HyperThread_Capable` tinyint(1) DEFAULT NULL,
  `64_Bit` tinyint(1) DEFAULT NULL,
  `32_Bit` tinyint(1) DEFAULT NULL,
  `Hard_Drive_ID` varchar(50) DEFAULT NULL,
  `Hard_Drive_Space` varchar(50) DEFAULT NULL,
  `Solid_State_Drive_ID` varchar(50) DEFAULT NULL,
  `Solid_State_Drive_Space` varchar(50) DEFAULT NULL,
  `M2_PCIe_SDD_ID` varchar(50) DEFAULT NULL,
  `M2_PCIe_SDD_Space` varchar(50) DEFAULT NULL,
  `Video_Controller` varchar(50) DEFAULT NULL,
  `Video_BIOS_Version` varchar(50) DEFAULT NULL,
  `Video_Memory` varchar(50) DEFAULT NULL,
  `Panel_Type` varchar(50) DEFAULT NULL,
  `Native_Resolution` varchar(50) DEFAULT NULL,
  `Audio_Controller` varchar(50) DEFAULT NULL,
  `Wifi_Brand` varchar(50) DEFAULT NULL,
  `AudioJack` tinyint(1) DEFAULT NULL,
  `Wifi` tinyint(1) DEFAULT NULL,
  `BlueTooth` tinyint(1) DEFAULT NULL,
  `RJ45` tinyint(1) DEFAULT NULL,
  `RJ11` tinyint(1) DEFAULT NULL,
  `HDMI` tinyint(1) DEFAULT NULL,
  `VGA` tinyint(1) DEFAULT NULL,
  `DVI` tinyint(1) DEFAULT NULL,
  `DisplayPort` tinyint(1) DEFAULT NULL,
  `MiniDisplayPort` tinyint(1) DEFAULT NULL,
  `USBA2` tinyint(1) DEFAULT NULL,
  `USBA3` tinyint(1) DEFAULT NULL,
  `USBC` tinyint(1) DEFAULT NULL,
  `Serial_Port` tinyint(1) DEFAULT NULL,
  `Parallel_Port` tinyint(1) DEFAULT NULL,
  `Is_Laptop` tinyint(1) DEFAULT NULL,
  `Legacy_Boot_Enabled` tinyint(1) DEFAULT NULL,
  `UEFI_Boot_Enabled` tinyint(1) DEFAULT NULL,
  `Secure_Boot_Enabled` tinyint(1) DEFAULT NULL,
  `Legacy_Option_ROMs_Enabled` tinyint(1) DEFAULT NULL,
  `Attempt_Legacy_Boot_Enabled` tinyint(1) DEFAULT NULL,
  `UEFI_Network_Stack_Enabled` tinyint(1) DEFAULT NULL,
  `Operating_System` varchar(15) DEFAULT NULL,
  `OS_Version` varchar(150) DEFAULT NULL,
  PRIMARY KEY (`ID`),
  CONSTRAINT `computers_ibfk_1` FOREIGN KEY (`ID`) REFERENCES `equipment` (`id`)
) ENGINE=InnoDB DEFAULT CHARSET=utf8;
/*!40101 SET character_set_client = @saved_cs_client */;

--
-- Dumping data for table `computers`
--

LOCK TABLES `computers` WRITE;
/*!40000 ALTER TABLE `computers` DISABLE KEYS */;
INSERT INTO `computers` VALUES (0,'Dell','1.8.0','91LYYF2','','',NULL,NULL,'19688410046',1,'32768 MB','32645 MB','2133 MHz','Dual InterLeave','DDR4 SDRAM','16384 MB','16384 MB','','','','','Intel i7-6700HQ',4,'506e3','2.600 GHz','0.800 GHz','2.600 GHz','','1024 KB','6144 KB','',1,1,0,'','','','','S2FZNYAG700572','','Intel Skylake Graphics','GOP 1061','64 MB','15.6 UHD','3840 by 2160','Realtek ALC3266','Qualcomm Wireless',1,1,1,0,0,1,0,0,0,0,0,1,1,0,0,1,0,1,1,0,0,0,'Windows','10'),(1,'Dell','1.11.0','45T93M2',NULL,NULL,NULL,NULL,'9058593674',1,'16384 MB','16254 MB','2400 MHz','Dual','DDR4 SDRAM','8192 MB','8192 MB',NULL,NULL,NULL,NULL,'Intel i7-7700HQ',4,'906e9','2.700 GHz','0.800 GHz','2.800 GHz',NULL,'1024 KB','6144 KB',NULL,1,1,0,NULL,NULL,NULL,NULL,'X7AS11QCTYAT',NULL,'Intel kabylake Graphics','GOP 1074','64 MB','15.6 FHD','1920 by 1080','Realtek ALC3266','Qualcomm Wireless',1,1,1,0,0,1,0,0,0,0,0,1,1,0,0,1,0,1,1,0,0,0,'Windows','10'),(2,'System 76',NULL,NULL,NULL,NULL,NULL,NULL,NULL,NULL,'16379 MB',NULL,NULL,NULL,NULL,NULL,NULL,NULL,NULL,NULL,NULL,'Intel i7-6700HQ',8,NULL,NULL,NULL,NULL,NULL,NULL,NULL,NULL,NULL,NULL,NULL,NULL,'500 GB',NULL,NULL,NULL,NULL,'GeForce FTX 1060',NULL,NULL,NULL,NULL,NULL,NULL,NULL,1,1,1,NULL,1,NULL,NULL,NULL,1,NULL,1,1,NULL,NULL,1,NULL,NULL,0,NULL,NULL,NULL,'Linux','4.15.0-36-generic'),(3,'Dell',NULL,NULL,NULL,NULL,NULL,NULL,NULL,NULL,'16384 MB',NULL,NULL,NULL,NULL,NULL,NULL,NULL,NULL,NULL,NULL,'Intel i7-8750H',NULL,NULL,NULL,NULL,NULL,NULL,NULL,NULL,NULL,NULL,NULL,NULL,NULL,NULL,NULL,NULL,NULL,NULL,NULL,NULL,NULL,NULL,NULL,NULL,NULL,NULL,NULL,NULL,NULL,NULL,NULL,NULL,NULL,NULL,NULL,NULL,NULL,NULL,NULL,NULL,NULL,NULL,NULL,NULL,NULL,NULL,NULL,'Windows','10'),(4,NULL,NULL,NULL,NULL,NULL,NULL,NULL,NULL,NULL,'16384 MB',NULL,NULL,NULL,NULL,NULL,NULL,NULL,NULL,NULL,NULL,'Intel i7-7660U',NULL,NULL,NULL,NULL,NULL,NULL,NULL,NULL,NULL,NULL,NULL,NULL,NULL,NULL,NULL,NULL,NULL,NULL,NULL,NULL,NULL,NULL,NULL,NULL,NULL,NULL,NULL,NULL,NULL,NULL,NULL,NULL,NULL,NULL,NULL,NULL,NULL,NULL,NULL,NULL,NULL,NULL,NULL,NULL,NULL,NULL,NULL,'Windows','10'),(5,NULL,NULL,NULL,NULL,NULL,NULL,NULL,NULL,NULL,'24576 MB',NULL,NULL,NULL,NULL,NULL,NULL,NULL,NULL,NULL,NULL,'Intel i7-7700HQ',NULL,NULL,NULL,NULL,NULL,NULL,NULL,NULL,NULL,NULL,NULL,NULL,NULL,NULL,NULL,NULL,NULL,NULL,'NULL',NULL,NULL,NULL,NULL,NULL,NULL,NULL,NULL,NULL,NULL,NULL,NULL,NULL,NULL,NULL,NULL,NULL,NULL,NULL,NULL,NULL,NULL,NULL,NULL,NULL,NULL,NULL,NULL,'Windows','10'),(7,NULL,NULL,NULL,NULL,NULL,NULL,NULL,NULL,NULL,'16384 MB',NULL,NULL,NULL,NULL,NULL,NULL,NULL,NULL,NULL,NULL,'Intel i7-7700HQ',NULL,NULL,NULL,NULL,NULL,NULL,NULL,NULL,NULL,NULL,NULL,NULL,NULL,NULL,NULL,NULL,NULL,NULL,'Intel Kabylake Graphics',NULL,NULL,NULL,NULL,NULL,NULL,NULL,NULL,NULL,NULL,NULL,NULL,NULL,NULL,NULL,NULL,NULL,NULL,NULL,NULL,NULL,NULL,NULL,NULL,NULL,NULL,NULL,NULL,'Windows','10'),(14,NULL,NULL,NULL,NULL,NULL,NULL,NULL,NULL,NULL,'16384 MB',NULL,NULL,NULL,NULL,NULL,NULL,NULL,NULL,NULL,NULL,'Intel i7 2.8GHz',NULL,NULL,NULL,NULL,NULL,NULL,NULL,NULL,NULL,NULL,NULL,NULL,NULL,NULL,NULL,NULL,NULL,NULL,'Intel Iris Pro 1536 MB',NULL,NULL,NULL,NULL,NULL,NULL,NULL,NULL,NULL,NULL,NULL,NULL,NULL,NULL,NULL,NULL,NULL,NULL,NULL,NULL,NULL,NULL,NULL,NULL,NULL,NULL,NULL,NULL,'MacOS','10.13.6'),(15,NULL,NULL,NULL,NULL,NULL,NULL,NULL,NULL,NULL,'8192 MB',NULL,NULL,NULL,NULL,NULL,NULL,NULL,NULL,NULL,NULL,'Intel i5-7300HQ',NULL,NULL,NULL,NULL,NULL,NULL,NULL,NULL,NULL,NULL,NULL,NULL,NULL,NULL,NULL,NULL,NULL,NULL,'',NULL,NULL,NULL,NULL,NULL,NULL,NULL,NULL,NULL,NULL,NULL,NULL,NULL,NULL,NULL,NULL,NULL,NULL,NULL,NULL,NULL,NULL,NULL,NULL,NULL,NULL,NULL,NULL,'Windows','10'),(16,NULL,NULL,NULL,NULL,NULL,NULL,NULL,NULL,NULL,'16384 MB',NULL,NULL,NULL,NULL,NULL,NULL,NULL,NULL,NULL,NULL,'Intel i7-8750H',NULL,NULL,NULL,NULL,NULL,NULL,NULL,NULL,NULL,NULL,NULL,NULL,NULL,NULL,NULL,NULL,NULL,NULL,'Intel Coffeelake Graphics',NULL,NULL,NULL,NULL,NULL,NULL,NULL,NULL,NULL,NULL,NULL,NULL,NULL,NULL,NULL,NULL,NULL,NULL,NULL,NULL,NULL,NULL,NULL,NULL,NULL,NULL,NULL,NULL,'Windows','10'),(19,NULL,NULL,NULL,NULL,NULL,NULL,NULL,NULL,NULL,'24576 MB',NULL,NULL,NULL,NULL,NULL,NULL,NULL,NULL,NULL,NULL,'Intel i7-700HQ',NULL,NULL,NULL,NULL,NULL,NULL,NULL,NULL,NULL,NULL,NULL,NULL,NULL,NULL,NULL,NULL,NULL,NULL,'',NULL,NULL,NULL,NULL,NULL,NULL,NULL,NULL,NULL,NULL,NULL,NULL,NULL,NULL,NULL,NULL,NULL,NULL,NULL,NULL,NULL,NULL,NULL,NULL,NULL,NULL,NULL,NULL,'Windows','10'),(20,NULL,NULL,NULL,NULL,NULL,NULL,NULL,NULL,NULL,'16384',NULL,NULL,NULL,NULL,NULL,NULL,NULL,NULL,NULL,NULL,'Intel i7',NULL,NULL,NULL,NULL,NULL,NULL,NULL,NULL,NULL,NULL,NULL,NULL,NULL,NULL,NULL,NULL,NULL,NULL,'Intel UHD Graphics 630',NULL,NULL,NULL,NULL,NULL,NULL,NULL,NULL,NULL,NULL,NULL,NULL,NULL,NULL,NULL,NULL,NULL,NULL,NULL,NULL,NULL,NULL,NULL,NULL,NULL,NULL,NULL,NULL,'macOS','Mojave'),(21,NULL,NULL,NULL,NULL,NULL,NULL,NULL,NULL,NULL,'16384',NULL,NULL,NULL,NULL,NULL,NULL,NULL,NULL,NULL,NULL,'Intel i7-8750H',NULL,NULL,NULL,NULL,NULL,NULL,NULL,NULL,NULL,NULL,NULL,NULL,NULL,NULL,NULL,NULL,NULL,NULL,'Nvidia GeForce GTX 1050',NULL,NULL,NULL,NULL,NULL,NULL,NULL,NULL,NULL,NULL,NULL,NULL,NULL,NULL,NULL,NULL,NULL,NULL,NULL,NULL,NULL,NULL,NULL,NULL,NULL,NULL,NULL,NULL,'Windows','10'),(22,NULL,NULL,NULL,NULL,NULL,NULL,NULL,NULL,NULL,'',NULL,NULL,NULL,NULL,NULL,NULL,NULL,NULL,NULL,NULL,'',NULL,NULL,NULL,NULL,NULL,NULL,NULL,NULL,NULL,NULL,NULL,NULL,NULL,NULL,NULL,NULL,NULL,NULL,'',NULL,NULL,NULL,NULL,NULL,NULL,NULL,NULL,NULL,NULL,NULL,NULL,NULL,NULL,NULL,NULL,NULL,NULL,NULL,NULL,NULL,NULL,NULL,NULL,NULL,NULL,NULL,NULL,'',''),(23,NULL,NULL,NULL,NULL,NULL,NULL,NULL,NULL,NULL,'',NULL,NULL,NULL,NULL,NULL,NULL,NULL,NULL,NULL,NULL,'',NULL,NULL,NULL,NULL,NULL,NULL,NULL,NULL,NULL,NULL,NULL,NULL,NULL,NULL,NULL,NULL,NULL,NULL,'',NULL,NULL,NULL,NULL,NULL,NULL,NULL,NULL,NULL,NULL,NULL,NULL,NULL,NULL,NULL,NULL,NULL,NULL,NULL,NULL,NULL,NULL,NULL,NULL,NULL,NULL,NULL,NULL,'',''),(24,NULL,NULL,NULL,NULL,NULL,NULL,NULL,NULL,NULL,'32768 MB',NULL,NULL,NULL,NULL,NULL,NULL,NULL,NULL,NULL,NULL,'Intel i7-7700HQ',NULL,NULL,NULL,NULL,NULL,NULL,NULL,NULL,NULL,NULL,NULL,NULL,NULL,NULL,NULL,NULL,NULL,NULL,'Nvidia GeForce GTX 1060',NULL,NULL,NULL,NULL,NULL,NULL,NULL,NULL,NULL,NULL,NULL,NULL,NULL,NULL,NULL,NULL,NULL,NULL,NULL,NULL,NULL,NULL,NULL,NULL,NULL,NULL,NULL,NULL,'Ubuntu','16.04LTS'),(25,NULL,NULL,NULL,NULL,NULL,NULL,NULL,NULL,NULL,'',NULL,NULL,NULL,NULL,NULL,NULL,NULL,NULL,NULL,NULL,'',NULL,NULL,NULL,NULL,NULL,NULL,NULL,NULL,NULL,NULL,NULL,NULL,NULL,NULL,NULL,NULL,NULL,NULL,'',NULL,NULL,NULL,NULL,NULL,NULL,NULL,NULL,NULL,NULL,NULL,NULL,NULL,NULL,NULL,NULL,NULL,NULL,NULL,NULL,NULL,NULL,NULL,NULL,NULL,NULL,NULL,NULL,'',''),(26,NULL,NULL,NULL,NULL,NULL,NULL,NULL,NULL,NULL,'',NULL,NULL,NULL,NULL,NULL,NULL,NULL,NULL,NULL,NULL,'',NULL,NULL,NULL,NULL,NULL,NULL,NULL,NULL,NULL,NULL,NULL,NULL,NULL,NULL,NULL,NULL,NULL,NULL,'',NULL,NULL,NULL,NULL,NULL,NULL,NULL,NULL,NULL,NULL,NULL,NULL,NULL,NULL,NULL,NULL,NULL,NULL,NULL,NULL,NULL,NULL,NULL,NULL,NULL,NULL,NULL,NULL,'',''),(27,NULL,NULL,NULL,NULL,NULL,NULL,NULL,NULL,NULL,'',NULL,NULL,NULL,NULL,NULL,NULL,NULL,NULL,NULL,NULL,'',NULL,NULL,NULL,NULL,NULL,NULL,NULL,NULL,NULL,NULL,NULL,NULL,NULL,NULL,NULL,NULL,NULL,NULL,'',NULL,NULL,NULL,NULL,NULL,NULL,NULL,NULL,NULL,NULL,NULL,NULL,NULL,NULL,NULL,NULL,NULL,NULL,NULL,NULL,NULL,NULL,NULL,NULL,NULL,NULL,NULL,NULL,'',''),(28,NULL,NULL,NULL,NULL,NULL,NULL,NULL,NULL,NULL,'',NULL,NULL,NULL,NULL,NULL,NULL,NULL,NULL,NULL,NULL,'',NULL,NULL,NULL,NULL,NULL,NULL,NULL,NULL,NULL,NULL,NULL,NULL,NULL,NULL,NULL,NULL,NULL,NULL,'',NULL,NULL,NULL,NULL,NULL,NULL,NULL,NULL,NULL,NULL,NULL,NULL,NULL,NULL,NULL,NULL,NULL,NULL,NULL,NULL,NULL,NULL,NULL,NULL,NULL,NULL,NULL,NULL,'',''),(29,NULL,NULL,NULL,NULL,NULL,NULL,NULL,NULL,NULL,'',NULL,NULL,NULL,NULL,NULL,NULL,NULL,NULL,NULL,NULL,'',NULL,NULL,NULL,NULL,NULL,NULL,NULL,NULL,NULL,NULL,NULL,NULL,NULL,NULL,NULL,NULL,NULL,NULL,'',NULL,NULL,NULL,NULL,NULL,NULL,NULL,NULL,NULL,NULL,NULL,NULL,NULL,NULL,NULL,NULL,NULL,NULL,NULL,NULL,NULL,NULL,NULL,NULL,NULL,NULL,NULL,NULL,'',''),(30,NULL,NULL,NULL,NULL,NULL,NULL,NULL,NULL,NULL,'',NULL,NULL,NULL,NULL,NULL,NULL,NULL,NULL,NULL,NULL,'',NULL,NULL,NULL,NULL,NULL,NULL,NULL,NULL,NULL,NULL,NULL,NULL,NULL,NULL,NULL,NULL,NULL,NULL,'',NULL,NULL,NULL,NULL,NULL,NULL,NULL,NULL,NULL,NULL,NULL,NULL,NULL,NULL,NULL,NULL,NULL,NULL,NULL,NULL,NULL,NULL,NULL,NULL,NULL,NULL,NULL,NULL,'',''),(33,NULL,NULL,NULL,NULL,NULL,NULL,NULL,NULL,NULL,'',NULL,NULL,NULL,NULL,NULL,NULL,NULL,NULL,NULL,NULL,'',NULL,NULL,NULL,NULL,NULL,NULL,NULL,NULL,NULL,NULL,NULL,NULL,NULL,NULL,NULL,NULL,NULL,NULL,'',NULL,NULL,NULL,NULL,NULL,NULL,NULL,NULL,NULL,NULL,NULL,NULL,NULL,NULL,NULL,NULL,NULL,NULL,NULL,NULL,NULL,NULL,NULL,NULL,NULL,NULL,NULL,NULL,'',''),(34,NULL,NULL,NULL,NULL,NULL,NULL,NULL,NULL,NULL,'',NULL,NULL,NULL,NULL,NULL,NULL,NULL,NULL,NULL,NULL,'',NULL,NULL,NULL,NULL,NULL,NULL,NULL,NULL,NULL,NULL,NULL,NULL,NULL,NULL,NULL,NULL,NULL,NULL,'',NULL,NULL,NULL,NULL,NULL,NULL,NULL,NULL,NULL,NULL,NULL,NULL,NULL,NULL,NULL,NULL,NULL,NULL,NULL,NULL,NULL,NULL,NULL,NULL,NULL,NULL,NULL,NULL,'',''),(35,NULL,NULL,NULL,NULL,NULL,NULL,NULL,NULL,NULL,'16384',NULL,NULL,NULL,NULL,NULL,NULL,NULL,NULL,NULL,NULL,'Intel i7-8750H',NULL,NULL,NULL,NULL,NULL,NULL,NULL,NULL,NULL,NULL,NULL,NULL,NULL,NULL,NULL,NULL,NULL,NULL,'Intel Coffeelake Graphics',NULL,NULL,NULL,NULL,NULL,NULL,NULL,NULL,NULL,NULL,NULL,NULL,NULL,NULL,NULL,NULL,NULL,NULL,NULL,NULL,NULL,NULL,NULL,NULL,NULL,NULL,NULL,NULL,'Windows 10','Pro'),(38,NULL,NULL,NULL,NULL,NULL,NULL,NULL,NULL,NULL,'',NULL,NULL,NULL,NULL,NULL,NULL,NULL,NULL,NULL,NULL,'',NULL,NULL,NULL,NULL,NULL,NULL,NULL,NULL,NULL,NULL,NULL,NULL,NULL,NULL,NULL,NULL,NULL,NULL,'',NULL,NULL,NULL,NULL,NULL,NULL,NULL,NULL,NULL,NULL,NULL,NULL,NULL,NULL,NULL,NULL,NULL,NULL,NULL,NULL,NULL,NULL,NULL,NULL,NULL,NULL,NULL,NULL,'',''),(45,NULL,NULL,NULL,NULL,NULL,NULL,NULL,NULL,NULL,'',NULL,NULL,NULL,NULL,NULL,NULL,NULL,NULL,NULL,NULL,'',NULL,NULL,NULL,NULL,NULL,NULL,NULL,NULL,NULL,NULL,NULL,NULL,NULL,NULL,NULL,NULL,NULL,NULL,'',NULL,NULL,NULL,NULL,NULL,NULL,NULL,NULL,NULL,NULL,NULL,NULL,NULL,NULL,NULL,NULL,NULL,NULL,NULL,NULL,NULL,NULL,NULL,NULL,NULL,NULL,NULL,NULL,'',''),(48,NULL,NULL,NULL,NULL,NULL,NULL,NULL,NULL,NULL,'',NULL,NULL,NULL,NULL,NULL,NULL,NULL,NULL,NULL,NULL,'',NULL,NULL,NULL,NULL,NULL,NULL,NULL,NULL,NULL,NULL,NULL,NULL,NULL,NULL,NULL,NULL,NULL,NULL,'',NULL,NULL,NULL,NULL,NULL,NULL,NULL,NULL,NULL,NULL,NULL,NULL,NULL,NULL,NULL,NULL,NULL,NULL,NULL,NULL,NULL,NULL,NULL,NULL,NULL,NULL,NULL,NULL,'',''),(49,NULL,NULL,NULL,NULL,NULL,NULL,NULL,NULL,NULL,'',NULL,NULL,NULL,NULL,NULL,NULL,NULL,NULL,NULL,NULL,'',NULL,NULL,NULL,NULL,NULL,NULL,NULL,NULL,NULL,NULL,NULL,NULL,NULL,NULL,NULL,NULL,NULL,NULL,'',NULL,NULL,NULL,NULL,NULL,NULL,NULL,NULL,NULL,NULL,NULL,NULL,NULL,NULL,NULL,NULL,NULL,NULL,NULL,NULL,NULL,NULL,NULL,NULL,NULL,NULL,NULL,NULL,'',''),(50,NULL,NULL,NULL,NULL,NULL,NULL,NULL,NULL,NULL,'',NULL,NULL,NULL,NULL,NULL,NULL,NULL,NULL,NULL,NULL,'',NULL,NULL,NULL,NULL,NULL,NULL,NULL,NULL,NULL,NULL,NULL,NULL,NULL,NULL,NULL,NULL,NULL,NULL,'',NULL,NULL,NULL,NULL,NULL,NULL,NULL,NULL,NULL,NULL,NULL,NULL,NULL,NULL,NULL,NULL,NULL,NULL,NULL,NULL,NULL,NULL,NULL,NULL,NULL,NULL,NULL,NULL,'',''),(52,NULL,NULL,NULL,NULL,NULL,NULL,NULL,NULL,NULL,'',NULL,NULL,NULL,NULL,NULL,NULL,NULL,NULL,NULL,NULL,'',NULL,NULL,NULL,NULL,NULL,NULL,NULL,NULL,NULL,NULL,NULL,NULL,NULL,NULL,NULL,NULL,NULL,NULL,'',NULL,NULL,NULL,NULL,NULL,NULL,NULL,NULL,NULL,NULL,NULL,NULL,NULL,NULL,NULL,NULL,NULL,NULL,NULL,NULL,NULL,NULL,NULL,NULL,NULL,NULL,NULL,NULL,'',''),(53,NULL,NULL,NULL,NULL,NULL,NULL,NULL,NULL,NULL,'',NULL,NULL,NULL,NULL,NULL,NULL,NULL,NULL,NULL,NULL,'',NULL,NULL,NULL,NULL,NULL,NULL,NULL,NULL,NULL,NULL,NULL,NULL,NULL,NULL,NULL,NULL,NULL,NULL,'',NULL,NULL,NULL,NULL,NULL,NULL,NULL,NULL,NULL,NULL,NULL,NULL,NULL,NULL,NULL,NULL,NULL,NULL,NULL,NULL,NULL,NULL,NULL,NULL,NULL,NULL,NULL,NULL,'',''),(54,NULL,NULL,NULL,NULL,NULL,NULL,NULL,NULL,NULL,'',NULL,NULL,NULL,NULL,NULL,NULL,NULL,NULL,NULL,NULL,'',NULL,NULL,NULL,NULL,NULL,NULL,NULL,NULL,NULL,NULL,NULL,NULL,NULL,NULL,NULL,NULL,NULL,NULL,'',NULL,NULL,NULL,NULL,NULL,NULL,NULL,NULL,NULL,NULL,NULL,NULL,NULL,NULL,NULL,NULL,NULL,NULL,NULL,NULL,NULL,NULL,NULL,NULL,NULL,NULL,NULL,NULL,'',''),(55,NULL,NULL,NULL,NULL,NULL,NULL,NULL,NULL,NULL,'',NULL,NULL,NULL,NULL,NULL,NULL,NULL,NULL,NULL,NULL,'',NULL,NULL,NULL,NULL,NULL,NULL,NULL,NULL,NULL,NULL,NULL,NULL,NULL,NULL,NULL,NULL,NULL,NULL,'',NULL,NULL,NULL,NULL,NULL,NULL,NULL,NULL,NULL,NULL,NULL,NULL,NULL,NULL,NULL,NULL,NULL,NULL,NULL,NULL,NULL,NULL,NULL,NULL,NULL,NULL,NULL,NULL,'',''),(56,NULL,NULL,NULL,NULL,NULL,NULL,NULL,NULL,NULL,'',NULL,NULL,NULL,NULL,NULL,NULL,NULL,NULL,NULL,NULL,'',NULL,NULL,NULL,NULL,NULL,NULL,NULL,NULL,NULL,NULL,NULL,NULL,NULL,NULL,NULL,NULL,NULL,NULL,'',NULL,NULL,NULL,NULL,NULL,NULL,NULL,NULL,NULL,NULL,NULL,NULL,NULL,NULL,NULL,NULL,NULL,NULL,NULL,NULL,NULL,NULL,NULL,NULL,NULL,NULL,NULL,NULL,'',''),(57,NULL,NULL,NULL,NULL,NULL,NULL,NULL,NULL,NULL,'',NULL,NULL,NULL,NULL,NULL,NULL,NULL,NULL,NULL,NULL,'',NULL,NULL,NULL,NULL,NULL,NULL,NULL,NULL,NULL,NULL,NULL,NULL,NULL,NULL,NULL,NULL,NULL,NULL,'',NULL,NULL,NULL,NULL,NULL,NULL,NULL,NULL,NULL,NULL,NULL,NULL,NULL,NULL,NULL,NULL,NULL,NULL,NULL,NULL,NULL,NULL,NULL,NULL,NULL,NULL,NULL,NULL,'',''),(58,NULL,NULL,NULL,NULL,NULL,NULL,NULL,NULL,NULL,'',NULL,NULL,NULL,NULL,NULL,NULL,NULL,NULL,NULL,NULL,'',NULL,NULL,NULL,NULL,NULL,NULL,NULL,NULL,NULL,NULL,NULL,NULL,NULL,NULL,NULL,NULL,NULL,NULL,'',NULL,NULL,NULL,NULL,NULL,NULL,NULL,NULL,NULL,NULL,NULL,NULL,NULL,NULL,NULL,NULL,NULL,NULL,NULL,NULL,NULL,NULL,NULL,NULL,NULL,NULL,NULL,NULL,'',''),(59,NULL,NULL,NULL,NULL,NULL,NULL,NULL,NULL,NULL,'',NULL,NULL,NULL,NULL,NULL,NULL,NULL,NULL,NULL,NULL,'',NULL,NULL,NULL,NULL,NULL,NULL,NULL,NULL,NULL,NULL,NULL,NULL,NULL,NULL,NULL,NULL,NULL,NULL,'',NULL,NULL,NULL,NULL,NULL,NULL,NULL,NULL,NULL,NULL,NULL,NULL,NULL,NULL,NULL,NULL,NULL,NULL,NULL,NULL,NULL,NULL,NULL,NULL,NULL,NULL,NULL,NULL,'',''),(62,NULL,NULL,NULL,NULL,NULL,NULL,NULL,NULL,NULL,'',NULL,NULL,NULL,NULL,NULL,NULL,NULL,NULL,NULL,NULL,'',NULL,NULL,NULL,NULL,NULL,NULL,NULL,NULL,NULL,NULL,NULL,NULL,NULL,NULL,NULL,NULL,NULL,NULL,'',NULL,NULL,NULL,NULL,NULL,NULL,NULL,NULL,NULL,NULL,NULL,NULL,NULL,NULL,NULL,NULL,NULL,NULL,NULL,NULL,NULL,NULL,NULL,NULL,NULL,NULL,NULL,NULL,'',''),(65,NULL,NULL,NULL,NULL,NULL,NULL,NULL,NULL,NULL,'',NULL,NULL,NULL,NULL,NULL,NULL,NULL,NULL,NULL,NULL,'',NULL,NULL,NULL,NULL,NULL,NULL,NULL,NULL,NULL,NULL,NULL,NULL,NULL,NULL,NULL,NULL,NULL,NULL,'',NULL,NULL,NULL,NULL,NULL,NULL,NULL,NULL,NULL,NULL,NULL,NULL,NULL,NULL,NULL,NULL,NULL,NULL,NULL,NULL,NULL,NULL,NULL,NULL,NULL,NULL,NULL,NULL,'',''),(66,NULL,NULL,NULL,NULL,NULL,NULL,NULL,NULL,NULL,'',NULL,NULL,NULL,NULL,NULL,NULL,NULL,NULL,NULL,NULL,'',NULL,NULL,NULL,NULL,NULL,NULL,NULL,NULL,NULL,NULL,NULL,NULL,NULL,NULL,NULL,NULL,NULL,NULL,'',NULL,NULL,NULL,NULL,NULL,NULL,NULL,NULL,NULL,NULL,NULL,NULL,NULL,NULL,NULL,NULL,NULL,NULL,NULL,NULL,NULL,NULL,NULL,NULL,NULL,NULL,NULL,NULL,'',''),(67,NULL,NULL,NULL,NULL,NULL,NULL,NULL,NULL,NULL,'',NULL,NULL,NULL,NULL,NULL,NULL,NULL,NULL,NULL,NULL,'',NULL,NULL,NULL,NULL,NULL,NULL,NULL,NULL,NULL,NULL,NULL,NULL,NULL,NULL,NULL,NULL,NULL,NULL,'',NULL,NULL,NULL,NULL,NULL,NULL,NULL,NULL,NULL,NULL,NULL,NULL,NULL,NULL,NULL,NULL,NULL,NULL,NULL,NULL,NULL,NULL,NULL,NULL,NULL,NULL,NULL,NULL,'',''),(68,NULL,NULL,NULL,NULL,NULL,NULL,NULL,NULL,NULL,'',NULL,NULL,NULL,NULL,NULL,NULL,NULL,NULL,NULL,NULL,'',NULL,NULL,NULL,NULL,NULL,NULL,NULL,NULL,NULL,NULL,NULL,NULL,NULL,NULL,NULL,NULL,NULL,NULL,'',NULL,NULL,NULL,NULL,NULL,NULL,NULL,NULL,NULL,NULL,NULL,NULL,NULL,NULL,NULL,NULL,NULL,NULL,NULL,NULL,NULL,NULL,NULL,NULL,NULL,NULL,NULL,NULL,'',''),(71,NULL,NULL,NULL,NULL,NULL,NULL,NULL,NULL,NULL,'',NULL,NULL,NULL,NULL,NULL,NULL,NULL,NULL,NULL,NULL,'',NULL,NULL,NULL,NULL,NULL,NULL,NULL,NULL,NULL,NULL,NULL,NULL,NULL,NULL,NULL,NULL,NULL,NULL,'',NULL,NULL,NULL,NULL,NULL,NULL,NULL,NULL,NULL,NULL,NULL,NULL,NULL,NULL,NULL,NULL,NULL,NULL,NULL,NULL,NULL,NULL,NULL,NULL,NULL,NULL,NULL,NULL,'',''),(72,NULL,NULL,NULL,NULL,NULL,NULL,NULL,NULL,NULL,'',NULL,NULL,NULL,NULL,NULL,NULL,NULL,NULL,NULL,NULL,'',NULL,NULL,NULL,NULL,NULL,NULL,NULL,NULL,NULL,NULL,NULL,NULL,NULL,NULL,NULL,NULL,NULL,NULL,'',NULL,NULL,NULL,NULL,NULL,NULL,NULL,NULL,NULL,NULL,NULL,NULL,NULL,NULL,NULL,NULL,NULL,NULL,NULL,NULL,NULL,NULL,NULL,NULL,NULL,NULL,NULL,NULL,'',''),(73,NULL,NULL,NULL,NULL,NULL,NULL,NULL,NULL,NULL,'',NULL,NULL,NULL,NULL,NULL,NULL,NULL,NULL,NULL,NULL,'',NULL,NULL,NULL,NULL,NULL,NULL,NULL,NULL,NULL,NULL,NULL,NULL,NULL,NULL,NULL,NULL,NULL,NULL,'',NULL,NULL,NULL,NULL,NULL,NULL,NULL,NULL,NULL,NULL,NULL,NULL,NULL,NULL,NULL,NULL,NULL,NULL,NULL,NULL,NULL,NULL,NULL,NULL,NULL,NULL,NULL,NULL,'',''),(74,NULL,NULL,NULL,NULL,NULL,NULL,NULL,NULL,NULL,'',NULL,NULL,NULL,NULL,NULL,NULL,NULL,NULL,NULL,NULL,'',NULL,NULL,NULL,NULL,NULL,NULL,NULL,NULL,NULL,NULL,NULL,NULL,NULL,NULL,NULL,NULL,NULL,NULL,'',NULL,NULL,NULL,NULL,NULL,NULL,NULL,NULL,NULL,NULL,NULL,NULL,NULL,NULL,NULL,NULL,NULL,NULL,NULL,NULL,NULL,NULL,NULL,NULL,NULL,NULL,NULL,NULL,'',''),(77,NULL,NULL,NULL,NULL,NULL,NULL,NULL,NULL,NULL,'',NULL,NULL,NULL,NULL,NULL,NULL,NULL,NULL,NULL,NULL,'',NULL,NULL,NULL,NULL,NULL,NULL,NULL,NULL,NULL,NULL,NULL,NULL,NULL,NULL,NULL,NULL,NULL,NULL,'',NULL,NULL,NULL,NULL,NULL,NULL,NULL,NULL,NULL,NULL,NULL,NULL,NULL,NULL,NULL,NULL,NULL,NULL,NULL,NULL,NULL,NULL,NULL,NULL,NULL,NULL,NULL,NULL,'',''),(80,NULL,NULL,NULL,NULL,NULL,NULL,NULL,NULL,NULL,'',NULL,NULL,NULL,NULL,NULL,NULL,NULL,NULL,NULL,NULL,'',NULL,NULL,NULL,NULL,NULL,NULL,NULL,NULL,NULL,NULL,NULL,NULL,NULL,NULL,NULL,NULL,NULL,NULL,'',NULL,NULL,NULL,NULL,NULL,NULL,NULL,NULL,NULL,NULL,NULL,NULL,NULL,NULL,NULL,NULL,NULL,NULL,NULL,NULL,NULL,NULL,NULL,NULL,NULL,NULL,NULL,NULL,'',''),(84,NULL,NULL,NULL,NULL,NULL,NULL,NULL,NULL,NULL,'',NULL,NULL,NULL,NULL,NULL,NULL,NULL,NULL,NULL,NULL,'',NULL,NULL,NULL,NULL,NULL,NULL,NULL,NULL,NULL,NULL,NULL,NULL,NULL,NULL,NULL,NULL,NULL,NULL,'',NULL,NULL,NULL,NULL,NULL,NULL,NULL,NULL,NULL,NULL,NULL,NULL,NULL,NULL,NULL,NULL,NULL,NULL,NULL,NULL,NULL,NULL,NULL,NULL,NULL,NULL,NULL,NULL,'',''),(87,NULL,NULL,NULL,NULL,NULL,NULL,NULL,NULL,NULL,'',NULL,NULL,NULL,NULL,NULL,NULL,NULL,NULL,NULL,NULL,'',NULL,NULL,NULL,NULL,NULL,NULL,NULL,NULL,NULL,NULL,NULL,NULL,NULL,NULL,NULL,NULL,NULL,NULL,'',NULL,NULL,NULL,NULL,NULL,NULL,NULL,NULL,NULL,NULL,NULL,NULL,NULL,NULL,NULL,NULL,NULL,NULL,NULL,NULL,NULL,NULL,NULL,NULL,NULL,NULL,NULL,NULL,'',''),(88,NULL,NULL,NULL,NULL,NULL,NULL,NULL,NULL,NULL,'',NULL,NULL,NULL,NULL,NULL,NULL,NULL,NULL,NULL,NULL,'',NULL,NULL,NULL,NULL,NULL,NULL,NULL,NULL,NULL,NULL,NULL,NULL,NULL,NULL,NULL,NULL,NULL,NULL,'',NULL,NULL,NULL,NULL,NULL,NULL,NULL,NULL,NULL,NULL,NULL,NULL,NULL,NULL,NULL,NULL,NULL,NULL,NULL,NULL,NULL,NULL,NULL,NULL,NULL,NULL,NULL,NULL,'',''),(91,NULL,NULL,NULL,NULL,NULL,NULL,NULL,NULL,NULL,'',NULL,NULL,NULL,NULL,NULL,NULL,NULL,NULL,NULL,NULL,'',NULL,NULL,NULL,NULL,NULL,NULL,NULL,NULL,NULL,NULL,NULL,NULL,NULL,NULL,NULL,NULL,NULL,NULL,'',NULL,NULL,NULL,NULL,NULL,NULL,NULL,NULL,NULL,NULL,NULL,NULL,NULL,NULL,NULL,NULL,NULL,NULL,NULL,NULL,NULL,NULL,NULL,NULL,NULL,NULL,NULL,NULL,'',''),(97,NULL,NULL,NULL,NULL,NULL,NULL,NULL,NULL,NULL,'',NULL,NULL,NULL,NULL,NULL,NULL,NULL,NULL,NULL,NULL,'',NULL,NULL,NULL,NULL,NULL,NULL,NULL,NULL,NULL,NULL,NULL,NULL,NULL,NULL,NULL,NULL,NULL,NULL,'',NULL,NULL,NULL,NULL,NULL,NULL,NULL,NULL,NULL,NULL,NULL,NULL,NULL,NULL,NULL,NULL,NULL,NULL,NULL,NULL,NULL,NULL,NULL,NULL,NULL,NULL,NULL,NULL,'',''),(98,NULL,NULL,NULL,NULL,NULL,NULL,NULL,NULL,NULL,'',NULL,NULL,NULL,NULL,NULL,NULL,NULL,NULL,NULL,NULL,'',NULL,NULL,NULL,NULL,NULL,NULL,NULL,NULL,NULL,NULL,NULL,NULL,NULL,NULL,NULL,NULL,NULL,NULL,'',NULL,NULL,NULL,NULL,NULL,NULL,NULL,NULL,NULL,NULL,NULL,NULL,NULL,NULL,NULL,NULL,NULL,NULL,NULL,NULL,NULL,NULL,NULL,NULL,NULL,NULL,NULL,NULL,'',''),(101,NULL,NULL,NULL,NULL,NULL,NULL,NULL,NULL,NULL,'',NULL,NULL,NULL,NULL,NULL,NULL,NULL,NULL,NULL,NULL,'',NULL,NULL,NULL,NULL,NULL,NULL,NULL,NULL,NULL,NULL,NULL,NULL,NULL,NULL,NULL,NULL,NULL,NULL,'',NULL,NULL,NULL,NULL,NULL,NULL,NULL,NULL,NULL,NULL,NULL,NULL,NULL,NULL,NULL,NULL,NULL,NULL,NULL,NULL,NULL,NULL,NULL,NULL,NULL,NULL,NULL,NULL,'',''),(102,NULL,NULL,NULL,NULL,NULL,NULL,NULL,NULL,NULL,'',NULL,NULL,NULL,NULL,NULL,NULL,NULL,NULL,NULL,NULL,'',NULL,NULL,NULL,NULL,NULL,NULL,NULL,NULL,NULL,NULL,NULL,NULL,NULL,NULL,NULL,NULL,NULL,NULL,'',NULL,NULL,NULL,NULL,NULL,NULL,NULL,NULL,NULL,NULL,NULL,NULL,NULL,NULL,NULL,NULL,NULL,NULL,NULL,NULL,NULL,NULL,NULL,NULL,NULL,NULL,NULL,NULL,'',''),(105,NULL,NULL,NULL,NULL,NULL,NULL,NULL,NULL,NULL,'',NULL,NULL,NULL,NULL,NULL,NULL,NULL,NULL,NULL,NULL,'',NULL,NULL,NULL,NULL,NULL,NULL,NULL,NULL,NULL,NULL,NULL,NULL,NULL,NULL,NULL,NULL,NULL,NULL,'',NULL,NULL,NULL,NULL,NULL,NULL,NULL,NULL,NULL,NULL,NULL,NULL,NULL,NULL,NULL,NULL,NULL,NULL,NULL,NULL,NULL,NULL,NULL,NULL,NULL,NULL,NULL,NULL,'',''),(108,NULL,NULL,NULL,NULL,NULL,NULL,NULL,NULL,NULL,'',NULL,NULL,NULL,NULL,NULL,NULL,NULL,NULL,NULL,NULL,'',NULL,NULL,NULL,NULL,NULL,NULL,NULL,NULL,NULL,NULL,NULL,NULL,NULL,NULL,NULL,NULL,NULL,NULL,'',NULL,NULL,NULL,NULL,NULL,NULL,NULL,NULL,NULL,NULL,NULL,NULL,NULL,NULL,NULL,NULL,NULL,NULL,NULL,NULL,NULL,NULL,NULL,NULL,NULL,NULL,NULL,NULL,'',''),(109,NULL,NULL,NULL,NULL,NULL,NULL,NULL,NULL,NULL,'',NULL,NULL,NULL,NULL,NULL,NULL,NULL,NULL,NULL,NULL,'',NULL,NULL,NULL,NULL,NULL,NULL,NULL,NULL,NULL,NULL,NULL,NULL,NULL,NULL,NULL,NULL,NULL,NULL,'',NULL,NULL,NULL,NULL,NULL,NULL,NULL,NULL,NULL,NULL,NULL,NULL,NULL,NULL,NULL,NULL,NULL,NULL,NULL,NULL,NULL,NULL,NULL,NULL,NULL,NULL,NULL,NULL,'',''),(110,NULL,NULL,NULL,NULL,NULL,NULL,NULL,NULL,NULL,'',NULL,NULL,NULL,NULL,NULL,NULL,NULL,NULL,NULL,NULL,'',NULL,NULL,NULL,NULL,NULL,NULL,NULL,NULL,NULL,NULL,NULL,NULL,NULL,NULL,NULL,NULL,NULL,NULL,'',NULL,NULL,NULL,NULL,NULL,NULL,NULL,NULL,NULL,NULL,NULL,NULL,NULL,NULL,NULL,NULL,NULL,NULL,NULL,NULL,NULL,NULL,NULL,NULL,NULL,NULL,NULL,NULL,'',''),(113,NULL,NULL,NULL,NULL,NULL,NULL,NULL,NULL,NULL,'',NULL,NULL,NULL,NULL,NULL,NULL,NULL,NULL,NULL,NULL,'',NULL,NULL,NULL,NULL,NULL,NULL,NULL,NULL,NULL,NULL,NULL,NULL,NULL,NULL,NULL,NULL,NULL,NULL,'',NULL,NULL,NULL,NULL,NULL,NULL,NULL,NULL,NULL,NULL,NULL,NULL,NULL,NULL,NULL,NULL,NULL,NULL,NULL,NULL,NULL,NULL,NULL,NULL,NULL,NULL,NULL,NULL,'',''),(116,NULL,NULL,NULL,NULL,NULL,NULL,NULL,NULL,NULL,'',NULL,NULL,NULL,NULL,NULL,NULL,NULL,NULL,NULL,NULL,'',NULL,NULL,NULL,NULL,NULL,NULL,NULL,NULL,NULL,NULL,NULL,NULL,NULL,NULL,NULL,NULL,NULL,NULL,'',NULL,NULL,NULL,NULL,NULL,NULL,NULL,NULL,NULL,NULL,NULL,NULL,NULL,NULL,NULL,NULL,NULL,NULL,NULL,NULL,NULL,NULL,NULL,NULL,NULL,NULL,NULL,NULL,'',''),(117,NULL,NULL,NULL,NULL,NULL,NULL,NULL,NULL,NULL,'',NULL,NULL,NULL,NULL,NULL,NULL,NULL,NULL,NULL,NULL,'',NULL,NULL,NULL,NULL,NULL,NULL,NULL,NULL,NULL,NULL,NULL,NULL,NULL,NULL,NULL,NULL,NULL,NULL,'',NULL,NULL,NULL,NULL,NULL,NULL,NULL,NULL,NULL,NULL,NULL,NULL,NULL,NULL,NULL,NULL,NULL,NULL,NULL,NULL,NULL,NULL,NULL,NULL,NULL,NULL,NULL,NULL,'',''),(122,NULL,NULL,NULL,NULL,NULL,NULL,NULL,NULL,NULL,'',NULL,NULL,NULL,NULL,NULL,NULL,NULL,NULL,NULL,NULL,'',NULL,NULL,NULL,NULL,NULL,NULL,NULL,NULL,NULL,NULL,NULL,NULL,NULL,NULL,NULL,NULL,NULL,NULL,'',NULL,NULL,NULL,NULL,NULL,NULL,NULL,NULL,NULL,NULL,NULL,NULL,NULL,NULL,NULL,NULL,NULL,NULL,NULL,NULL,NULL,NULL,NULL,NULL,NULL,NULL,NULL,NULL,'',''),(123,NULL,NULL,NULL,NULL,NULL,NULL,NULL,NULL,NULL,'',NULL,NULL,NULL,NULL,NULL,NULL,NULL,NULL,NULL,NULL,'',NULL,NULL,NULL,NULL,NULL,NULL,NULL,NULL,NULL,NULL,NULL,NULL,NULL,NULL,NULL,NULL,NULL,NULL,'',NULL,NULL,NULL,NULL,NULL,NULL,NULL,NULL,NULL,NULL,NULL,NULL,NULL,NULL,NULL,NULL,NULL,NULL,NULL,NULL,NULL,NULL,NULL,NULL,NULL,NULL,NULL,NULL,'',''),(124,NULL,NULL,NULL,NULL,NULL,NULL,NULL,NULL,NULL,'',NULL,NULL,NULL,NULL,NULL,NULL,NULL,NULL,NULL,NULL,'',NULL,NULL,NULL,NULL,NULL,NULL,NULL,NULL,NULL,NULL,NULL,NULL,NULL,NULL,NULL,NULL,NULL,NULL,'',NULL,NULL,NULL,NULL,NULL,NULL,NULL,NULL,NULL,NULL,NULL,NULL,NULL,NULL,NULL,NULL,NULL,NULL,NULL,NULL,NULL,NULL,NULL,NULL,NULL,NULL,NULL,NULL,'',''),(128,NULL,NULL,NULL,NULL,NULL,NULL,NULL,NULL,NULL,'',NULL,NULL,NULL,NULL,NULL,NULL,NULL,NULL,NULL,NULL,'',NULL,NULL,NULL,NULL,NULL,NULL,NULL,NULL,NULL,NULL,NULL,NULL,NULL,NULL,NULL,NULL,NULL,NULL,'',NULL,NULL,NULL,NULL,NULL,NULL,NULL,NULL,NULL,NULL,NULL,NULL,NULL,NULL,NULL,NULL,NULL,NULL,NULL,NULL,NULL,NULL,NULL,NULL,NULL,NULL,NULL,NULL,'',''),(129,NULL,NULL,NULL,NULL,NULL,NULL,NULL,NULL,NULL,'',NULL,NULL,NULL,NULL,NULL,NULL,NULL,NULL,NULL,NULL,'',NULL,NULL,NULL,NULL,NULL,NULL,NULL,NULL,NULL,NULL,NULL,NULL,NULL,NULL,NULL,NULL,NULL,NULL,'',NULL,NULL,NULL,NULL,NULL,NULL,NULL,NULL,NULL,NULL,NULL,NULL,NULL,NULL,NULL,NULL,NULL,NULL,NULL,NULL,NULL,NULL,NULL,NULL,NULL,NULL,NULL,NULL,'',''),(132,NULL,NULL,NULL,NULL,NULL,NULL,NULL,NULL,NULL,'',NULL,NULL,NULL,NULL,NULL,NULL,NULL,NULL,NULL,NULL,'',NULL,NULL,NULL,NULL,NULL,NULL,NULL,NULL,NULL,NULL,NULL,NULL,NULL,NULL,NULL,NULL,NULL,NULL,'',NULL,NULL,NULL,NULL,NULL,NULL,NULL,NULL,NULL,NULL,NULL,NULL,NULL,NULL,NULL,NULL,NULL,NULL,NULL,NULL,NULL,NULL,NULL,NULL,NULL,NULL,NULL,NULL,'',''),(133,NULL,NULL,NULL,NULL,NULL,NULL,NULL,NULL,NULL,'',NULL,NULL,NULL,NULL,NULL,NULL,NULL,NULL,NULL,NULL,'',NULL,NULL,NULL,NULL,NULL,NULL,NULL,NULL,NULL,NULL,NULL,NULL,NULL,NULL,NULL,NULL,NULL,NULL,'',NULL,NULL,NULL,NULL,NULL,NULL,NULL,NULL,NULL,NULL,NULL,NULL,NULL,NULL,NULL,NULL,NULL,NULL,NULL,NULL,NULL,NULL,NULL,NULL,NULL,NULL,NULL,NULL,'',''),(136,NULL,NULL,NULL,NULL,NULL,NULL,NULL,NULL,NULL,'',NULL,NULL,NULL,NULL,NULL,NULL,NULL,NULL,NULL,NULL,'',NULL,NULL,NULL,NULL,NULL,NULL,NULL,NULL,NULL,NULL,NULL,NULL,NULL,NULL,NULL,NULL,NULL,NULL,'',NULL,NULL,NULL,NULL,NULL,NULL,NULL,NULL,NULL,NULL,NULL,NULL,NULL,NULL,NULL,NULL,NULL,NULL,NULL,NULL,NULL,NULL,NULL,NULL,NULL,NULL,NULL,NULL,'',''),(137,NULL,NULL,NULL,NULL,NULL,NULL,NULL,NULL,NULL,'',NULL,NULL,NULL,NULL,NULL,NULL,NULL,NULL,NULL,NULL,'',NULL,NULL,NULL,NULL,NULL,NULL,NULL,NULL,NULL,NULL,NULL,NULL,NULL,NULL,NULL,NULL,NULL,NULL,'',NULL,NULL,NULL,NULL,NULL,NULL,NULL,NULL,NULL,NULL,NULL,NULL,NULL,NULL,NULL,NULL,NULL,NULL,NULL,NULL,NULL,NULL,NULL,NULL,NULL,NULL,NULL,NULL,'',''),(138,NULL,NULL,NULL,NULL,NULL,NULL,NULL,NULL,NULL,'',NULL,NULL,NULL,NULL,NULL,NULL,NULL,NULL,NULL,NULL,'',NULL,NULL,NULL,NULL,NULL,NULL,NULL,NULL,NULL,NULL,NULL,NULL,NULL,NULL,NULL,NULL,NULL,NULL,'',NULL,NULL,NULL,NULL,NULL,NULL,NULL,NULL,NULL,NULL,NULL,NULL,NULL,NULL,NULL,NULL,NULL,NULL,NULL,NULL,NULL,NULL,NULL,NULL,NULL,NULL,NULL,NULL,'',''),(139,NULL,NULL,NULL,NULL,NULL,NULL,NULL,NULL,NULL,'',NULL,NULL,NULL,NULL,NULL,NULL,NULL,NULL,NULL,NULL,'',NULL,NULL,NULL,NULL,NULL,NULL,NULL,NULL,NULL,NULL,NULL,NULL,NULL,NULL,NULL,NULL,NULL,NULL,'',NULL,NULL,NULL,NULL,NULL,NULL,NULL,NULL,NULL,NULL,NULL,NULL,NULL,NULL,NULL,NULL,NULL,NULL,NULL,NULL,NULL,NULL,NULL,NULL,NULL,NULL,NULL,NULL,'',''),(140,NULL,NULL,NULL,NULL,NULL,NULL,NULL,NULL,NULL,'',NULL,NULL,NULL,NULL,NULL,NULL,NULL,NULL,NULL,NULL,'',NULL,NULL,NULL,NULL,NULL,NULL,NULL,NULL,NULL,NULL,NULL,NULL,NULL,NULL,NULL,NULL,NULL,NULL,'',NULL,NULL,NULL,NULL,NULL,NULL,NULL,NULL,NULL,NULL,NULL,NULL,NULL,NULL,NULL,NULL,NULL,NULL,NULL,NULL,NULL,NULL,NULL,NULL,NULL,NULL,NULL,NULL,'',''),(143,NULL,NULL,NULL,NULL,NULL,NULL,NULL,NULL,NULL,'',NULL,NULL,NULL,NULL,NULL,NULL,NULL,NULL,NULL,NULL,'',NULL,NULL,NULL,NULL,NULL,NULL,NULL,NULL,NULL,NULL,NULL,NULL,NULL,NULL,NULL,NULL,NULL,NULL,'',NULL,NULL,NULL,NULL,NULL,NULL,NULL,NULL,NULL,NULL,NULL,NULL,NULL,NULL,NULL,NULL,NULL,NULL,NULL,NULL,NULL,NULL,NULL,NULL,NULL,NULL,NULL,NULL,'',''),(144,NULL,NULL,NULL,NULL,NULL,NULL,NULL,NULL,NULL,'',NULL,NULL,NULL,NULL,NULL,NULL,NULL,NULL,NULL,NULL,'',NULL,NULL,NULL,NULL,NULL,NULL,NULL,NULL,NULL,NULL,NULL,NULL,NULL,NULL,NULL,NULL,NULL,NULL,'',NULL,NULL,NULL,NULL,NULL,NULL,NULL,NULL,NULL,NULL,NULL,NULL,NULL,NULL,NULL,NULL,NULL,NULL,NULL,NULL,NULL,NULL,NULL,NULL,NULL,NULL,NULL,NULL,'',''),(145,NULL,NULL,NULL,NULL,NULL,NULL,NULL,NULL,NULL,'',NULL,NULL,NULL,NULL,NULL,NULL,NULL,NULL,NULL,NULL,'',NULL,NULL,NULL,NULL,NULL,NULL,NULL,NULL,NULL,NULL,NULL,NULL,NULL,NULL,NULL,NULL,NULL,NULL,'',NULL,NULL,NULL,NULL,NULL,NULL,NULL,NULL,NULL,NULL,NULL,NULL,NULL,NULL,NULL,NULL,NULL,NULL,NULL,NULL,NULL,NULL,NULL,NULL,NULL,NULL,NULL,NULL,'',''),(150,NULL,NULL,NULL,NULL,NULL,NULL,NULL,NULL,NULL,'',NULL,NULL,NULL,NULL,NULL,NULL,NULL,NULL,NULL,NULL,'',NULL,NULL,NULL,NULL,NULL,NULL,NULL,NULL,NULL,NULL,NULL,NULL,NULL,NULL,NULL,NULL,NULL,NULL,'',NULL,NULL,NULL,NULL,NULL,NULL,NULL,NULL,NULL,NULL,NULL,NULL,NULL,NULL,NULL,NULL,NULL,NULL,NULL,NULL,NULL,NULL,NULL,NULL,NULL,NULL,NULL,NULL,'',''),(151,NULL,NULL,NULL,NULL,NULL,NULL,NULL,NULL,NULL,'',NULL,NULL,NULL,NULL,NULL,NULL,NULL,NULL,NULL,NULL,'',NULL,NULL,NULL,NULL,NULL,NULL,NULL,NULL,NULL,NULL,NULL,NULL,NULL,NULL,NULL,NULL,NULL,NULL,'',NULL,NULL,NULL,NULL,NULL,NULL,NULL,NULL,NULL,NULL,NULL,NULL,NULL,NULL,NULL,NULL,NULL,NULL,NULL,NULL,NULL,NULL,NULL,NULL,NULL,NULL,NULL,NULL,'',''),(156,NULL,NULL,NULL,NULL,NULL,NULL,NULL,NULL,NULL,'',NULL,NULL,NULL,NULL,NULL,NULL,NULL,NULL,NULL,NULL,'',NULL,NULL,NULL,NULL,NULL,NULL,NULL,NULL,NULL,NULL,NULL,NULL,NULL,NULL,NULL,NULL,NULL,NULL,'',NULL,NULL,NULL,NULL,NULL,NULL,NULL,NULL,NULL,NULL,NULL,NULL,NULL,NULL,NULL,NULL,NULL,NULL,NULL,NULL,NULL,NULL,NULL,NULL,NULL,NULL,NULL,NULL,'',''),(157,NULL,NULL,NULL,NULL,NULL,NULL,NULL,NULL,NULL,'',NULL,NULL,NULL,NULL,NULL,NULL,NULL,NULL,NULL,NULL,'',NULL,NULL,NULL,NULL,NULL,NULL,NULL,NULL,NULL,NULL,NULL,NULL,NULL,NULL,NULL,NULL,NULL,NULL,'',NULL,NULL,NULL,NULL,NULL,NULL,NULL,NULL,NULL,NULL,NULL,NULL,NULL,NULL,NULL,NULL,NULL,NULL,NULL,NULL,NULL,NULL,NULL,NULL,NULL,NULL,NULL,NULL,'',''),(161,NULL,NULL,NULL,NULL,NULL,NULL,NULL,NULL,NULL,'',NULL,NULL,NULL,NULL,NULL,NULL,NULL,NULL,NULL,NULL,'',NULL,NULL,NULL,NULL,NULL,NULL,NULL,NULL,NULL,NULL,NULL,NULL,NULL,NULL,NULL,NULL,NULL,NULL,'',NULL,NULL,NULL,NULL,NULL,NULL,NULL,NULL,NULL,NULL,NULL,NULL,NULL,NULL,NULL,NULL,NULL,NULL,NULL,NULL,NULL,NULL,NULL,NULL,NULL,NULL,NULL,NULL,'',''),(165,NULL,NULL,NULL,NULL,NULL,NULL,NULL,NULL,NULL,'',NULL,NULL,NULL,NULL,NULL,NULL,NULL,NULL,NULL,NULL,'',NULL,NULL,NULL,NULL,NULL,NULL,NULL,NULL,NULL,NULL,NULL,NULL,NULL,NULL,NULL,NULL,NULL,NULL,'',NULL,NULL,NULL,NULL,NULL,NULL,NULL,NULL,NULL,NULL,NULL,NULL,NULL,NULL,NULL,NULL,NULL,NULL,NULL,NULL,NULL,NULL,NULL,NULL,NULL,NULL,NULL,NULL,'',''),(168,NULL,NULL,NULL,NULL,NULL,NULL,NULL,NULL,NULL,'',NULL,NULL,NULL,NULL,NULL,NULL,NULL,NULL,NULL,NULL,'',NULL,NULL,NULL,NULL,NULL,NULL,NULL,NULL,NULL,NULL,NULL,NULL,NULL,NULL,NULL,NULL,NULL,NULL,'',NULL,NULL,NULL,NULL,NULL,NULL,NULL,NULL,NULL,NULL,NULL,NULL,NULL,NULL,NULL,NULL,NULL,NULL,NULL,NULL,NULL,NULL,NULL,NULL,NULL,NULL,NULL,NULL,'',''),(171,NULL,NULL,NULL,NULL,NULL,NULL,NULL,NULL,NULL,'',NULL,NULL,NULL,NULL,NULL,NULL,NULL,NULL,NULL,NULL,'',NULL,NULL,NULL,NULL,NULL,NULL,NULL,NULL,NULL,NULL,NULL,NULL,NULL,NULL,NULL,NULL,NULL,NULL,'',NULL,NULL,NULL,NULL,NULL,NULL,NULL,NULL,NULL,NULL,NULL,NULL,NULL,NULL,NULL,NULL,NULL,NULL,NULL,NULL,NULL,NULL,NULL,NULL,NULL,NULL,NULL,NULL,'',''),(176,NULL,NULL,NULL,NULL,NULL,NULL,NULL,NULL,NULL,'',NULL,NULL,NULL,NULL,NULL,NULL,NULL,NULL,NULL,NULL,'',NULL,NULL,NULL,NULL,NULL,NULL,NULL,NULL,NULL,NULL,NULL,NULL,NULL,NULL,NULL,NULL,NULL,NULL,'',NULL,NULL,NULL,NULL,NULL,NULL,NULL,NULL,NULL,NULL,NULL,NULL,NULL,NULL,NULL,NULL,NULL,NULL,NULL,NULL,NULL,NULL,NULL,NULL,NULL,NULL,NULL,NULL,'',''),(179,NULL,NULL,NULL,NULL,NULL,NULL,NULL,NULL,NULL,'',NULL,NULL,NULL,NULL,NULL,NULL,NULL,NULL,NULL,NULL,'',NULL,NULL,NULL,NULL,NULL,NULL,NULL,NULL,NULL,NULL,NULL,NULL,NULL,NULL,NULL,NULL,NULL,NULL,'',NULL,NULL,NULL,NULL,NULL,NULL,NULL,NULL,NULL,NULL,NULL,NULL,NULL,NULL,NULL,NULL,NULL,NULL,NULL,NULL,NULL,NULL,NULL,NULL,NULL,NULL,NULL,NULL,'',''),(180,NULL,NULL,NULL,NULL,NULL,NULL,NULL,NULL,NULL,'',NULL,NULL,NULL,NULL,NULL,NULL,NULL,NULL,NULL,NULL,'',NULL,NULL,NULL,NULL,NULL,NULL,NULL,NULL,NULL,NULL,NULL,NULL,NULL,NULL,NULL,NULL,NULL,NULL,'',NULL,NULL,NULL,NULL,NULL,NULL,NULL,NULL,NULL,NULL,NULL,NULL,NULL,NULL,NULL,NULL,NULL,NULL,NULL,NULL,NULL,NULL,NULL,NULL,NULL,NULL,NULL,NULL,'',''),(183,NULL,NULL,NULL,NULL,NULL,NULL,NULL,NULL,NULL,'',NULL,NULL,NULL,NULL,NULL,NULL,NULL,NULL,NULL,NULL,'',NULL,NULL,NULL,NULL,NULL,NULL,NULL,NULL,NULL,NULL,NULL,NULL,NULL,NULL,NULL,NULL,NULL,NULL,'',NULL,NULL,NULL,NULL,NULL,NULL,NULL,NULL,NULL,NULL,NULL,NULL,NULL,NULL,NULL,NULL,NULL,NULL,NULL,NULL,NULL,NULL,NULL,NULL,NULL,NULL,NULL,NULL,'',''),(184,NULL,NULL,NULL,NULL,NULL,NULL,NULL,NULL,NULL,'',NULL,NULL,NULL,NULL,NULL,NULL,NULL,NULL,NULL,NULL,'',NULL,NULL,NULL,NULL,NULL,NULL,NULL,NULL,NULL,NULL,NULL,NULL,NULL,NULL,NULL,NULL,NULL,NULL,'',NULL,NULL,NULL,NULL,NULL,NULL,NULL,NULL,NULL,NULL,NULL,NULL,NULL,NULL,NULL,NULL,NULL,NULL,NULL,NULL,NULL,NULL,NULL,NULL,NULL,NULL,NULL,NULL,'',''),(192,NULL,NULL,NULL,NULL,NULL,NULL,NULL,NULL,NULL,'',NULL,NULL,NULL,NULL,NULL,NULL,NULL,NULL,NULL,NULL,'',NULL,NULL,NULL,NULL,NULL,NULL,NULL,NULL,NULL,NULL,NULL,NULL,NULL,NULL,NULL,NULL,NULL,NULL,'',NULL,NULL,NULL,NULL,NULL,NULL,NULL,NULL,NULL,NULL,NULL,NULL,NULL,NULL,NULL,NULL,NULL,NULL,NULL,NULL,NULL,NULL,NULL,NULL,NULL,NULL,NULL,NULL,'',''),(193,NULL,NULL,NULL,NULL,NULL,NULL,NULL,NULL,NULL,'',NULL,NULL,NULL,NULL,NULL,NULL,NULL,NULL,NULL,NULL,'',NULL,NULL,NULL,NULL,NULL,NULL,NULL,NULL,NULL,NULL,NULL,NULL,NULL,NULL,NULL,NULL,NULL,NULL,'',NULL,NULL,NULL,NULL,NULL,NULL,NULL,NULL,NULL,NULL,NULL,NULL,NULL,NULL,NULL,NULL,NULL,NULL,NULL,NULL,NULL,NULL,NULL,NULL,NULL,NULL,NULL,NULL,'',''),(200,NULL,NULL,NULL,NULL,NULL,NULL,NULL,NULL,NULL,'',NULL,NULL,NULL,NULL,NULL,NULL,NULL,NULL,NULL,NULL,'',NULL,NULL,NULL,NULL,NULL,NULL,NULL,NULL,NULL,NULL,NULL,NULL,NULL,NULL,NULL,NULL,NULL,NULL,'',NULL,NULL,NULL,NULL,NULL,NULL,NULL,NULL,NULL,NULL,NULL,NULL,NULL,NULL,NULL,NULL,NULL,NULL,NULL,NULL,NULL,NULL,NULL,NULL,NULL,NULL,NULL,NULL,'',''),(202,NULL,NULL,NULL,NULL,NULL,NULL,NULL,NULL,NULL,'',NULL,NULL,NULL,NULL,NULL,NULL,NULL,NULL,NULL,NULL,'',NULL,NULL,NULL,NULL,NULL,NULL,NULL,NULL,NULL,NULL,NULL,NULL,NULL,NULL,NULL,NULL,NULL,NULL,'',NULL,NULL,NULL,NULL,NULL,NULL,NULL,NULL,NULL,NULL,NULL,NULL,NULL,NULL,NULL,NULL,NULL,NULL,NULL,NULL,NULL,NULL,NULL,NULL,NULL,NULL,NULL,NULL,'',''),(203,NULL,NULL,NULL,NULL,NULL,NULL,NULL,NULL,NULL,'',NULL,NULL,NULL,NULL,NULL,NULL,NULL,NULL,NULL,NULL,'',NULL,NULL,NULL,NULL,NULL,NULL,NULL,NULL,NULL,NULL,NULL,NULL,NULL,NULL,NULL,NULL,NULL,NULL,'',NULL,NULL,NULL,NULL,NULL,NULL,NULL,NULL,NULL,NULL,NULL,NULL,NULL,NULL,NULL,NULL,NULL,NULL,NULL,NULL,NULL,NULL,NULL,NULL,NULL,NULL,NULL,NULL,'',''),(204,NULL,NULL,NULL,NULL,NULL,NULL,NULL,NULL,NULL,'',NULL,NULL,NULL,NULL,NULL,NULL,NULL,NULL,NULL,NULL,'',NULL,NULL,NULL,NULL,NULL,NULL,NULL,NULL,NULL,NULL,NULL,NULL,NULL,NULL,NULL,NULL,NULL,NULL,'',NULL,NULL,NULL,NULL,NULL,NULL,NULL,NULL,NULL,NULL,NULL,NULL,NULL,NULL,NULL,NULL,NULL,NULL,NULL,NULL,NULL,NULL,NULL,NULL,NULL,NULL,NULL,NULL,'',''),(205,NULL,NULL,NULL,NULL,NULL,NULL,NULL,NULL,NULL,'',NULL,NULL,NULL,NULL,NULL,NULL,NULL,NULL,NULL,NULL,'',NULL,NULL,NULL,NULL,NULL,NULL,NULL,NULL,NULL,NULL,NULL,NULL,NULL,NULL,NULL,NULL,NULL,NULL,'',NULL,NULL,NULL,NULL,NULL,NULL,NULL,NULL,NULL,NULL,NULL,NULL,NULL,NULL,NULL,NULL,NULL,NULL,NULL,NULL,NULL,NULL,NULL,NULL,NULL,NULL,NULL,NULL,'',''),(206,NULL,NULL,NULL,NULL,NULL,NULL,NULL,NULL,NULL,'',NULL,NULL,NULL,NULL,NULL,NULL,NULL,NULL,NULL,NULL,'',NULL,NULL,NULL,NULL,NULL,NULL,NULL,NULL,NULL,NULL,NULL,NULL,NULL,NULL,NULL,NULL,NULL,NULL,'',NULL,NULL,NULL,NULL,NULL,NULL,NULL,NULL,NULL,NULL,NULL,NULL,NULL,NULL,NULL,NULL,NULL,NULL,NULL,NULL,NULL,NULL,NULL,NULL,NULL,NULL,NULL,NULL,'',''),(207,NULL,NULL,NULL,NULL,NULL,NULL,NULL,NULL,NULL,'',NULL,NULL,NULL,NULL,NULL,NULL,NULL,NULL,NULL,NULL,'',NULL,NULL,NULL,NULL,NULL,NULL,NULL,NULL,NULL,NULL,NULL,NULL,NULL,NULL,NULL,NULL,NULL,NULL,'',NULL,NULL,NULL,NULL,NULL,NULL,NULL,NULL,NULL,NULL,NULL,NULL,NULL,NULL,NULL,NULL,NULL,NULL,NULL,NULL,NULL,NULL,NULL,NULL,NULL,NULL,NULL,NULL,'',''),(208,NULL,NULL,NULL,NULL,NULL,NULL,NULL,NULL,NULL,'',NULL,NULL,NULL,NULL,NULL,NULL,NULL,NULL,NULL,NULL,'',NULL,NULL,NULL,NULL,NULL,NULL,NULL,NULL,NULL,NULL,NULL,NULL,NULL,NULL,NULL,NULL,NULL,NULL,'',NULL,NULL,NULL,NULL,NULL,NULL,NULL,NULL,NULL,NULL,NULL,NULL,NULL,NULL,NULL,NULL,NULL,NULL,NULL,NULL,NULL,NULL,NULL,NULL,NULL,NULL,NULL,NULL,'',''),(209,NULL,NULL,NULL,NULL,NULL,NULL,NULL,NULL,NULL,'',NULL,NULL,NULL,NULL,NULL,NULL,NULL,NULL,NULL,NULL,'',NULL,NULL,NULL,NULL,NULL,NULL,NULL,NULL,NULL,NULL,NULL,NULL,NULL,NULL,NULL,NULL,NULL,NULL,'',NULL,NULL,NULL,NULL,NULL,NULL,NULL,NULL,NULL,NULL,NULL,NULL,NULL,NULL,NULL,NULL,NULL,NULL,NULL,NULL,NULL,NULL,NULL,NULL,NULL,NULL,NULL,NULL,'',''),(210,NULL,NULL,NULL,NULL,NULL,NULL,NULL,NULL,NULL,'',NULL,NULL,NULL,NULL,NULL,NULL,NULL,NULL,NULL,NULL,'',NULL,NULL,NULL,NULL,NULL,NULL,NULL,NULL,NULL,NULL,NULL,NULL,NULL,NULL,NULL,NULL,NULL,NULL,'',NULL,NULL,NULL,NULL,NULL,NULL,NULL,NULL,NULL,NULL,NULL,NULL,NULL,NULL,NULL,NULL,NULL,NULL,NULL,NULL,NULL,NULL,NULL,NULL,NULL,NULL,NULL,NULL,'',''),(211,NULL,NULL,NULL,NULL,NULL,NULL,NULL,NULL,NULL,'',NULL,NULL,NULL,NULL,NULL,NULL,NULL,NULL,NULL,NULL,'',NULL,NULL,NULL,NULL,NULL,NULL,NULL,NULL,NULL,NULL,NULL,NULL,NULL,NULL,NULL,NULL,NULL,NULL,'',NULL,NULL,NULL,NULL,NULL,NULL,NULL,NULL,NULL,NULL,NULL,NULL,NULL,NULL,NULL,NULL,NULL,NULL,NULL,NULL,NULL,NULL,NULL,NULL,NULL,NULL,NULL,NULL,'',''),(212,NULL,NULL,NULL,NULL,NULL,NULL,NULL,NULL,NULL,'',NULL,NULL,NULL,NULL,NULL,NULL,NULL,NULL,NULL,NULL,'',NULL,NULL,NULL,NULL,NULL,NULL,NULL,NULL,NULL,NULL,NULL,NULL,NULL,NULL,NULL,NULL,NULL,NULL,'',NULL,NULL,NULL,NULL,NULL,NULL,NULL,NULL,NULL,NULL,NULL,NULL,NULL,NULL,NULL,NULL,NULL,NULL,NULL,NULL,NULL,NULL,NULL,NULL,NULL,NULL,NULL,NULL,'',''),(213,NULL,NULL,NULL,NULL,NULL,NULL,NULL,NULL,NULL,'',NULL,NULL,NULL,NULL,NULL,NULL,NULL,NULL,NULL,NULL,'',NULL,NULL,NULL,NULL,NULL,NULL,NULL,NULL,NULL,NULL,NULL,NULL,NULL,NULL,NULL,NULL,NULL,NULL,'',NULL,NULL,NULL,NULL,NULL,NULL,NULL,NULL,NULL,NULL,NULL,NULL,NULL,NULL,NULL,NULL,NULL,NULL,NULL,NULL,NULL,NULL,NULL,NULL,NULL,NULL,NULL,NULL,'',''),(214,NULL,NULL,NULL,NULL,NULL,NULL,NULL,NULL,NULL,'',NULL,NULL,NULL,NULL,NULL,NULL,NULL,NULL,NULL,NULL,'',NULL,NULL,NULL,NULL,NULL,NULL,NULL,NULL,NULL,NULL,NULL,NULL,NULL,NULL,NULL,NULL,NULL,NULL,'',NULL,NULL,NULL,NULL,NULL,NULL,NULL,NULL,NULL,NULL,NULL,NULL,NULL,NULL,NULL,NULL,NULL,NULL,NULL,NULL,NULL,NULL,NULL,NULL,NULL,NULL,NULL,NULL,'',''),(215,NULL,NULL,NULL,NULL,NULL,NULL,NULL,NULL,NULL,'',NULL,NULL,NULL,NULL,NULL,NULL,NULL,NULL,NULL,NULL,'',NULL,NULL,NULL,NULL,NULL,NULL,NULL,NULL,NULL,NULL,NULL,NULL,NULL,NULL,NULL,NULL,NULL,NULL,'',NULL,NULL,NULL,NULL,NULL,NULL,NULL,NULL,NULL,NULL,NULL,NULL,NULL,NULL,NULL,NULL,NULL,NULL,NULL,NULL,NULL,NULL,NULL,NULL,NULL,NULL,NULL,NULL,'',''),(216,NULL,NULL,NULL,NULL,NULL,NULL,NULL,NULL,NULL,'',NULL,NULL,NULL,NULL,NULL,NULL,NULL,NULL,NULL,NULL,'',NULL,NULL,NULL,NULL,NULL,NULL,NULL,NULL,NULL,NULL,NULL,NULL,NULL,NULL,NULL,NULL,NULL,NULL,'',NULL,NULL,NULL,NULL,NULL,NULL,NULL,NULL,NULL,NULL,NULL,NULL,NULL,NULL,NULL,NULL,NULL,NULL,NULL,NULL,NULL,NULL,NULL,NULL,NULL,NULL,NULL,NULL,'','');
/*!40000 ALTER TABLE `computers` ENABLE KEYS */;
UNLOCK TABLES;

--
-- Table structure for table `employees`
--

DROP TABLE IF EXISTS `employees`;
/*!40101 SET @saved_cs_client     = @@character_set_client */;
/*!40101 SET character_set_client = utf8 */;
CREATE TABLE `employees` (
  `ID` int(11) NOT NULL,
  `Position` varchar(100) NOT NULL,
  PRIMARY KEY (`ID`),
  CONSTRAINT `employees_ibfk_1` FOREIGN KEY (`ID`) REFERENCES `people` (`ID`)
) ENGINE=InnoDB DEFAULT CHARSET=utf8;
/*!40101 SET character_set_client = @saved_cs_client */;

--
-- Dumping data for table `employees`
--

LOCK TABLES `employees` WRITE;
/*!40000 ALTER TABLE `employees` DISABLE KEYS */;
/*!40000 ALTER TABLE `employees` ENABLE KEYS */;
UNLOCK TABLES;

--
-- Table structure for table `equipment`
--

DROP TABLE IF EXISTS `equipment`;
/*!40101 SET @saved_cs_client     = @@character_set_client */;
/*!40101 SET character_set_client = utf8 */;
CREATE TABLE `equipment` (
  `ID` int(100) NOT NULL,
  `Name` varchar(100) DEFAULT NULL,
  `Type` varchar(50) DEFAULT NULL,
  `Model_ID` varchar(50) DEFAULT NULL,
  `Serial_Num` varchar(50) DEFAULT NULL,
  `Owner_ID` int(11) NOT NULL,
  `Price` int(11) DEFAULT NULL,
  PRIMARY KEY (`ID`),
  KEY `Owner_ID` (`Owner_ID`),
  CONSTRAINT `equipment_ibfk_1` FOREIGN KEY (`Owner_ID`) REFERENCES `people` (`id`)
) ENGINE=InnoDB DEFAULT CHARSET=utf8;
/*!40101 SET character_set_client = @saved_cs_client */;

--
-- Dumping data for table `equipment`
--

LOCK TABLES `equipment` WRITE;
/*!40000 ALTER TABLE `equipment` DISABLE KEYS */;
INSERT INTO `equipment` VALUES (0,'Dell XPS','Computer','','91LYYF2',0,1500),(1,'Dell XPS','Computer','','45T93M2',1,1500),(2,'System76','Computer','oryp2','8G12SC077330',0,1500),(3,'Dell XPS','Computer',NULL,'7T8WLQ2',2,1500),(4,'Surface','Computer','1769','022530274357',4,1100),(5,'Lenovo','Computer','Y720-15IKB','PF0WZ5PR',0,1600),(6,'Mini DisplayPort to VGA','Cable','','',0,12),(7,'Dell XPS','Computer','15','8M3CNH2',0,1500),(8,'USB to RS 485/422','Cable','US 485422','',0,0),(9,'Mini DisplayPort to HDMI','Cable','Rankie','',0,9),(10,'HDMI to HDMI','Cable','Amazon Basic','',0,7),(11,'HDMI to HDMI','Cable','Rankie','',0,7),(12,'HDMI to HDMI','Cable','Aurum','',0,7),(13,'HDMI to DisplayPort','Cable','Rankie','',0,9),(14,'Macbook','Computer','Pro 2015','C02S42LQ68WM',5,2300),(15,'Dell XPS','Computer','15','PF1AKTSO',6,800),(16,'Dell XPS','Computer','15','JPZ7JRZ',7,1600),(17,'Dell Dock','Docking Station','K17A','05FDDV-CML-86R-2324-A06',7,150),(18,'Dell Dock','Docking Station','K17A','05FDDV-12966-7AI-013D-A04',8,150),(19,'Lenovo','Computer','Y720-15IKB','4GCN31WW',9,1600),(20,'Macbook','Computer','Pro 2018','C02XHD94JG5H',10,2217),(21,'Dell XPS','Computer','15','7SQHBR2',11,1500),(22,'HP','Computer','15-bs030nr','CND717680L',0,600),(23,'HP','Computer','15-ay011nr','CND64426R7',0,500),(24,'System76','Computer','p650hp','8H07SC092808',0,1500),(25,'Macbook','Computer','Pro','SC02SN7T1G8WN',12,1900),(26,'Macbook','Computer','Pro','C02WM4W6G8WN',13,2050),(27,'HP','Computer','bs095ms','CND74105QT',14,520),(28,'Lenovo','Computer','T580','R90RG49N',15,1900),(29,'Lenovo','Computer','Ideapad','PF0M1P10',16,919),(30,'Macbook','Computer','Pro','C02SLL03G8WN',17,2300),(31,'ASUS','Monitor','VS238H-P','G4LMTF045787',17,130),(32,'ASUS','Monitor','VS238H-P','G4LMTF045791',17,130),(33,'Dell XPS','Computer','15-9570','1TB9LQ2',18,1800),(34,'Macbook','Computer','Pro','C02QH58KFVH5',19,1500),(35,'Dell XPS','Computer','15','90ZH7S2',20,2263),(36,'Sceptre Monitor','Monitor','','H31T1205BSA1220',19,70),(37,'Sceptre Monitor','Monitor','','H31H205BSA1204',21,70),(38,' Macbook','Computer','Pro','C02V26WVG8WN',22,2500),(39,'ASUS','Monitor','VS247','JALMTF003628',22,130),(40,'ASUS','Monitor','VS247','JALMT003649',22,130),(41,'ASUS','Monitor','VS247','JBLMTF053259',10,130),(42,'ASUS','Monitor','VS247','JBLMTF054425',10,130),(43,'ASUS','Monitor','VS197','G3LMTF120166',0,130),(44,'ASUS','Monitor','VS197','G3LMTF120160',0,130),(45,'System76','Computer','oryx','8G08SC069507',1,1600),(46,'ASUS','Monitor','VS238H-P','G9LMTF164216',1,130),(47,'ASUS','Monitor','VS238H-P','G6LMTF074698',1,130),(48,'Dell XPS','Computer','15-9570','GK0FNQ2',23,2500),(49,'Dell XPS','Computer','9550','7HGNRF2',24,2400),(50,'Scott Fredirickson','Computer','Lenovo','T560',25,839),(51,'ASUS','Monitor','VS238H-P','G6LMTF075149',25,130),(52,'Macbook','Computer','Pro','',26,2500),(53,'Lenovo','Computer','T580','R90QFN68',27,2260),(54,'Macbook','Computer','Pro','C02WM4XRG8WN',28,2500),(55,'Dell','Computer','XPS','7M3VQQ2',28,1700),(56,'Dell XPS','Computer','15-9750','7M3VQQ2',28,1700),(57,'System76','Computer','Gazelle','',29,2100),(58,'Dell XPS','Computer','','9ILYYF2',30,2100),(59,'Lenovo','Computer','Thinkpad E580','PF17SCHX',30,1300),(60,'ASUS','Monitor','G236HL','MMLVNAA00264401C1E2473',30,130),(61,'ASUS','Monitor','G236HL','MMLVNAA00264401C122473',30,130),(62,'Dell XPS','Computer','1N6MRF2','1N6MRF2',31,1926),(63,'ASUS','Monitor','VS238','H1LMTF026901',31,130),(64,'ASUS','Monitor','VS238','H1LMTF026795',31,130),(65,'Macbook','Computer','Pro','CO2PXEJ9G8WP',32,2300),(66,'Macbook','Computer','Pro','C02NC3S9G3QJ',33,1400),(67,'Macbook','Computer','Pro','C02V17WJG8WN',34,2300),(68,'Macbook','Computer','Pro','SC02TW43VG8WN',35,2000),(69,'ASUS','Monitor','','H8LMTF044334',35,130),(70,'ASUS','Monitor','','H8LMTF044312',35,130),(71,'Dell XPS','Computer','15 9560','45T93M2',36,1900),(72,'Lenovo','Computer','Thinkpad T580','R90RSHZ5',36,1900),(73,'System76','Computer','orynx','8G04SC063140',37,1900),(74,'Dell XPS','Computer','15 9570','33916887290',37,2600),(75,'ASUS','Monitor','VS238','H2LMTF022060',37,130),(76,'ASUS','Monitor','VS238','H2LMTF021914',37,130),(77,'Macbook','Computer','Pro','C02S42LQG8WM',38,2300),(78,'ASUS','Monitor','VS238','G4LMTF146590',38,130),(79,'ASUS','Monitor','VS238','G4LMTF146593',38,130),(80,'Macbook','Computer','Pro','C02LC3XZFFT0',39,2300),(81,'ASUS','Monitor','TEK','G3LMTF120160',39,130),(82,'ASUS','Monitor','TEK','G3LMTF120166',39,130),(83,'ASUS','Monitor','VS238H-P','H2LMTF022393',39,130),(84,'Dell XPS','Computer','15-9550','683FHC2',40,1615),(85,'ASUS','Monitor','','',40,130),(86,'ASUS','Monitor','','',40,130),(87,'Macbook','Computer','Pro','C02WM4XRG8WN',41,2300),(88,'System76','Computer','oryx','8G12SC077330',42,1600),(89,'ASUS','Monitor','VS238H-P','G9LMTF001108',0,130),(90,'ASUS','Monitor','VS238H-P','G9LMTF001103',42,130),(91,'Macbook','Computer','Pro','C02N9QGYG3QH',43,2300),(92,'Mono Wireless','Headset','C054','GT81215SD270117',43,140),(93,'ASUS','Monitor','VS238','G9LMTF001108',43,130),(94,'ASUS','Monitor','VS238','G9MTF001103',43,130),(95,'SCEPTRE Monitor','Monitor','','J10J205BCA4881',43,130),(96,'SCEPTRE Monitor','Monitor','','J10J205BCA4876',43,130),(97,'Lenovo','Computer','X1 Carbon','PF-18T96E',44,1702),(98,'Macbook','Computer','Pro','CO2TD0WXH040',45,2300),(99,'ASUS','Monitor','VS238H-P','GCLMTF0S454',45,130),(100,'ASUS','Monitor','VS238H-P','GBLMTF091923',45,130),(101,'Macbook','Computer','Pro','C02XG6GPJGH6',46,2300),(102,'Macbook','Computer','Pro','C02SN7XJG8WN',47,2300),(103,'ASUS','Monitor','','H6LMTF096676',47,130),(104,'ASUS','Monitor','','H6LMTF063721',47,130),(105,'Lenovo','Computer','Thinkpad E540','8179158926',3,1926),(106,'ASUS','Monitor','VS238H-P','E8LMTF070952',3,130),(107,'ASUS','Monitor','VS238H-P','E8LMTF070949',3,130),(108,'Macbook','Computer','Pro','SC02V2752G8WN',48,2500),(109,'System76','Computer','Orynx','8H11SC100580',49,2300),(110,'Dell XPS','Computer','15-9570','GN4VSQ2',49,2400),(111,'ASUS','Monitor','','H7LMTF160303',49,130),(112,'ASUS','Monitor','','H7LMTF160293',49,130),(113,'Macbook','Computer','Pro','C02TH3Q6G8WN',50,1900),(114,'ASUS','Monitor','VS238','H1LMTF026901',50,130),(115,'ASUS','Monitor','VS238','F9LMTF027798',50,130),(116,'HP','Computer','Notebook','CND6252969',51,488),(117,'Macbook','Computer','Pro','C02SM8T4G8WN',52,2300),(118,'ASUS','Monitor','VS239','E8LMTF070847',52,130),(119,'ASUS','Monitor','VS238','F8LMTF094270',52,130),(120,'ASUS','Monitor','19','F1LMTF020913',52,130),(121,'ASUS','Monitor','18','MMTOCAA2542130448510',52,130),(122,'Lenovo','Computer','Thinkpad T580','R90QH2LM',8,2274),(123,'Dell XPS','Computer','15-9570','7T8WLQ2',2,1700),(124,'Macbook','Computer','Pro','C02N9D6JG3QC',53,1900),(125,'ASUS','Monitor','VS238','F8LMTF094268',53,130),(126,'ASUS','Monitor','VS238','F8LMTF094277',53,130),(127,'ASUS','Monitor','','DSE15011099',53,130),(128,'HP','Computer','15ay-011nr','CND6140RH1',54,600),(129,'Macbook','Computer','Pro','SC02QF3CNG8WN',55,2018),(130,'HP','Monitor','32031','3CQ048NDQF',55,130),(131,'HP','Monitor','32031','3CQ049PS2T',55,130),(132,'System76','Computer','orynx','8i055c112532',56,1515),(133,'Dell XPS','Computer','','XPS95501333SLV',57,1800),(134,'ASUS','Monitor','VS238H-P','EXLTF070951',57,130),(135,'ASUS','Monitor','VS238H-P','EXLTF070736',57,130),(136,'Macbook','Computer','Pro','C02L14E1FFT0',58,2300),(137,'Lenovo','Computer','Thinkpad T470','PC-0ND4XD',59,900),(138,'Lenovo','Computer','Thinkpad T470','PC0ND4XD',60,840),(139,'Macbook','Computer','Pro','SC02V34CYG8WN',61,2300),(140,'Lenovo','Computer','Thinkpad','PCOL5PW317105',62,1720),(141,'ASUS','Monitor','VS238H-P','G2LMTF075590',62,130),(142,'ASUS','Monitor','VS238H-P','G2LMTF076158',62,130),(143,'Dell','Computer','XPS 15 9550','9FH2HM2',63,1812),(144,'Macbook','Computer','Pro','C02WV4M1G8WN',64,2300),(145,'Macbook','Computer','Pro','C02V1893G8WN',65,2300),(146,'ASUS','Monitor','','G2LMTF075931',65,130),(147,'ASUS','Monitor','VS247','F1LMTF048001',65,130),(148,'ASUS','Monitor','VS247','F1LMTF047981',65,130),(149,'ACER','Monitor','H233H','ETLFS0W010919045E84300',65,130),(150,'HP','Computer','Notebook','CND625293B',66,488),(151,'Dell','Computer','XPS','',67,1700),(152,'ASUS','Monitor','','H6LMTF063734',67,130),(153,'ASUS','Monitor','','H6LMTF063732',67,130),(154,'ASUS','Monitor','VS238','G5LMTF089358',4,130),(155,'ASUS','Monitor','VS238','G5LMTF089360',4,130),(156,'System76','Computer','Oryx Pro','8HO6SC090314',4,2355),(157,'Dell','Computer','XPS 15 9550','J5KMRF2',68,2200),(158,'Dell','Docking Station','','72A06W31292',68,130),(159,'ASUS','Monitor','','',68,130),(160,'ASUS','Monitor','','',68,130),(161,'Dell','Computer','XPS 15 9560','LRT5RQD',69,1700),(162,'Dell','Docking Station','','CN05FDDV129667AI013DA04',69,150),(163,'ASUS','Monitor','','',69,130),(164,'ASUS','Monitor','','',69,130),(165,'System76','Computer','Oryx Pro','8G03SC061521',70,1600),(166,'ASUS','Monitor','VS238','G1LMTF194606',70,130),(167,'ASUS','Monitor','VS238','FBLMTF041487',70,130),(168,'Lenovo','Computer','Y50-70 Touch','3817092100268',71,1500),(169,'ASUS','Monitor','VS238','F9LMTF027794',71,130),(170,'ASUS','Monitor','VS238','F9LMTF027795',71,130),(171,'Macbook','Computer','Pro','C02RV1PRG8WM',72,2300),(172,'HKC','Monitor','N2412-13','HWCB4101331100444',72,130),(173,'ASUS','Monitor','VS239','E8LMTFO70950',72,130),(174,'ASUS','Monitor','','F4LMTF149039',72,130),(175,'ASUS','Monitor','','F4LMTF148938',72,130),(176,'Lenovo','Computer','Thinkpad','QTF2XA50400458',73,1500),(177,'ASUS','Monitor','VS238H-P','F9LMTF027798',73,130),(178,'ASUS','Monitor','VS238H-P','F8LMTF094266',73,130),(179,'HP','Computer','Notebook','CND6238KP6',74,567),(180,'System76','Computer','Orynx Pro','8H07SCD92778',75,1600),(181,'ASUS','Monitor','VS238','H3LMTF152368',75,130),(182,'ASUS','Monitor','VS238','H3LMTF152365',75,130),(183,'Macbook','Computer','Pro','C02S3D2BG8WN',76,2300),(184,'Dell','Computer','','6YQ2HC2',77,1500),(185,'Dell','Docking Station','','',77,150),(186,'ASUS','Monitor','','',77,130),(187,'ASUS','Monitor','','',77,130),(188,'ASUS','Monitor','VS238','F1LMTF098727',78,130),(189,'ASUS','Monitor','VS238','F1LMTF098726',78,130),(190,'ASUS','Monitor','VS238H-P','H2LMTF104765',78,130),(191,'Samsung','Phone','SCH-U680','A0OOOO48EFCAFC',78,180),(192,'System76','Computer','Oryx Pro','',78,1800),(193,'Lenovo','Computer','','PF0E9YB6',79,850),(194,'ASUS','Monitor','VS238H-P','G2LMTF000500',79,130),(195,'ASUS','Monitor','VS238H-P','G2LMTF000501',79,130),(196,'Panini','Printer','x50','111019566',0,500),(197,'Dell','Printer','B2375DFW','CN-01JH8P-72211-39B-0186',0,430),(198,'Dell','Printer','B2375DFW','CN-01JH8P-72211-39B-0184',0,430),(199,'FortiNet','Switch','FWF 60D','FWF60D4615017026',0,1140),(200,'Dell','Computer','XPS 15 9550','150MRF2',57,1600),(201,'Sony','Camera','DSC-RX100M4','1001297',0,975),(202,'Dell','Computer','Precision 7720','1V6TPN2',57,5000),(203,'Lenovo','Computer','Legion Y520','PF0ZGZ9B',57,1000),(204,'Lenovo','Computer','Legion Y520','PF0ZMW0J',57,1000),(205,'Lenovo','Computer','Legion Y520','PF0ZGSYY',57,1000),(206,'HP','Computer','Notebook','CND6441TDY',80,488),(207,'Macbook','Computer','Pro','C02TL2XWFVH4',81,2300),(208,'Macbook','Computer','Pro','C02V1805G8WN',82,2300),(209,'Macbook','Computer','Pro','CO2SJ4MAG8WN',83,2300),(210,'Lenovo','Computer','Thinkpad T580','R90RG49G',84,1900),(211,'Macbook','Computer','Pro','SC02QP0BPGQR6',85,2600),(212,'Macbook','Computer','Pro','FVFWV05EJ9K9',86,2300),(213,'Macbook','Computer','Pro','C02V33TLG8WN',87,2300),(214,'Macbook','Computer','Pro','C02TMBG6G8WN',88,1900),(215,'Macbook','Computer','Pro','C02XT0ZBJG5M',89,2300),(216,'Dell','Computer','XPS 15','3R9NRF2',3,1600),(217,'ASUS','Monitor','VS247H-P','JBLMTF052903',7,130),(218,'ACER','Monitor','G236HL','MMLVNAA00264401C122473',40,130),(219,'ASUS','Monitor','VS247H-P','J7LMTF067221',40,130),(220,'ShoreTel','Phone','ip480g','105810FW173453D0E8',50,240),(221,'ShoreTel','Phone','ip480g','105809FW16274AA7E0',52,240),(222,'Brother','Printer','MFCL2750DW','V64988D8N805511',52,340),(223,'ShoreTel','Phone','ip480g','C02V26WVG8WN',22,240),(224,'ShoreTel','Phone','ip480g','105810fw1726528c15',10,240),(225,'ASUS','Monitor','VS239','HALMTF124335',13,130),(226,'ASUS','Monitor','VS239','HALMTF124361',13,130),(227,'ASUS','Monitor','VS247','J7LMTF107338',46,130),(228,'ASUS','Monitor','VS247','J7LMTF107342',46,130),(229,'Samsung','Monitor','VN32M5300AF','03YQ3NBJB11289J',0,280),(230,'Synology','Server','DS214','13B0LSN004567',0,400),(231,'NetGear','Switch','GS316','4JV1745L0148B',0,100),(232,'ASUS','Monitor','VS197','G3LMTF120160',0,130),(233,'tp-link','Switch','TL-SG105','2179087002440',0,14),(234,'NetGear','Switch','GS105Ev2','3MX76C5T0501C',0,14),(235,'D-Link','Switch','DGS-3224TG','H258135000032',0,30),(236,'Monoprice','Switch','10744','10744US3A200057',0,230),(237,'Canon','Printer','F170402','QTQ9116Z',90,200),(238,'MonoPrice','Switch','10744','',0,230),(239,'UBiQuiti','Switch','EdgeSwitch 48','',0,900),(240,'ShoreTel','Phone','ip480g','105820FW18315AADF8',12,230),(241,'Dell','Laptop','Precision 5530','h2pjnf2',91,2400),(242,'Dell','Docking Station','Dock WD15','',91,150),(243,'Dell','Laptop','Precision 5530','155QNF2',93,2400);
/*!40000 ALTER TABLE `equipment` ENABLE KEYS */;
UNLOCK TABLES;

--
-- Table structure for table `people`
--

DROP TABLE IF EXISTS `people`;
/*!40101 SET @saved_cs_client     = @@character_set_client */;
/*!40101 SET character_set_client = utf8 */;
CREATE TABLE `people` (
  `ID` int(11) NOT NULL,
  `Name` varchar(100) NOT NULL,
  `Location` varchar(200) NOT NULL,
  `Email` varchar(100) DEFAULT NULL,
  `Phone` varchar(100) DEFAULT NULL,
  PRIMARY KEY (`ID`)
) ENGINE=InnoDB DEFAULT CHARSET=utf8;
/*!40101 SET character_set_client = @saved_cs_client */;

--
-- Dumping data for table `people`
--

LOCK TABLES `people` WRITE;
/*!40000 ALTER TABLE `people` DISABLE KEYS */;
INSERT INTO `people` VALUES (0,'Information Technology','306 Erie Ave, Morton, IL 61550','admin@autonomoustuff.com','309-291-0966 x207'),(1,'Joseph Driscoll','310 Erie Ave, Morton, IL 61550','jdriscoll@autonomoustuff.com',NULL),(2,'Michael Molleck','310 Erie Ave, Morton, IL 61550','mmolleck@autonomoustuff.com',NULL),(3,'Terry Lamprecht','310 Erie Ave, Morton, IL 61550','talmprecht@autonomoustuff.com','309-291-0966 x203'),(4,'Sam Rustan','310 Erie Ave, Morton IL 61550','srustan@autonomoustuff.com',NULL),(5,'Joyce Murphy','601 Flint, Morton IL 61550','jmurphy@autonomoustuff.com','309-291-0966 x130'),(6,'Uriel Burdess','310 Erie Ave, Morton IL','uburdess@autonomoustuff.com','309.291.0966'),(7,'Joshua Urlaub','310 Erie Ave, Morton IL','jurlaub@autonomoustuff.com','309.291.0966'),(8,'Amruta Mhaske','310 Erie Ave, Morton IL','amhaske@autonomoustuff.com','309.291.0966'),(9,'Daniel Naymark','San Jose','dnaymark@autonomoustuff.com','309.291.0966'),(10,'Ashley Berquist','306 Erie Ave Morton, IL','aberquist@autonomoustuff.com','309-291-0966 x107'),(11,'Caleb Chain','601 Flint Ave, Morton, IL','cchain@autonomoustuff.com',''),(12,'Kate Baker','Morton, IL','kbaker@autonomoustuff.com',''),(13,'Lee Baldwin','Morton, IL','lbaldwin@autonomoustuff.com',''),(14,'Kevin Bennett','','kbennett@autonomoustuff.com',''),(15,'Chris Brady','Morton','',''),(16,'Beau Brummitt','Morton, IL','',''),(17,'Joe Buckner','Morton, IL','jbuckner@autonomoustuff.com',''),(18,'Travis Catton','Morton, IL','tcatton@autonomoustuff.com',''),(19,'Alain Cool','Morton, IL','acool@autonomoustuff.com',''),(20,'Beau Brummitt','Morton, IL','bbrummitt@autonomoustuff.com',''),(21,'Tony Wong','601 Flint Ave. Morton, IL','twong@autonomoustuff.com',''),(22,'Jessica Crofts','306 Erie Ave. Morton, IL','jkrofts@autonomoustuff.com',''),(23,'Sanaz Fattahalhosseini','310 Erie Ave., Morton, IL','sfattahalhosseini@autonomoustuff.com',''),(24,'Kevin Fay','310 Erie Ave. Morton, IL','kfay@autonomoustuff.com',''),(25,'Scott Fredirickson','','sfredirickson@autonomoustuff.com',''),(26,'Kendra Gallup','','kgallup@autonomoustuff.com',''),(27,'Sneha Ganesh','310 Erie Ave. Morton, IL','sganesh@autonomoustuff.com',''),(28,'Matt Goben','310','mgoben@autonomoustuff.com',''),(29,'Erik Guetz','','eguetz@autonomoustuff.com',''),(30,'Rinda Gunjala','310 Erie Ave. Morton, IL','rgunjala@autonomoustuff.com',''),(31,'Chris Hagen','','',''),(32,'Robert Hambrick','','rhambrick@autonomoustuff.com',''),(33,'Jill Hambrick','','',''),(34,'Rachel Hensold','','rhensold@autonomoustuff.com',''),(35,'Laci Hodonicky','','',''),(36,'Caleb Imig','','cimig@autonomoustuff.com',''),(37,'Nathan Imig','','nimig@autonomoustuff.com',''),(38,'Curtis Jackson','','',''),(39,'Kim Jacob','601','kjacob@autonomoustuff.com',''),(40,'Ben Jansky','','bjansky@autonomoustuff.com',''),(41,'Greg Johnson','601','gjohnson@autonomoustuff.com',''),(42,'Joe Kale','','',''),(43,'Riki Kettwich','601','rkettwich@autonomoustuff.com',''),(44,'Adam Kidd','601','akidd@autonomoustuff.com',''),(45,'Jonathan Klein','306','jklein@autonomoustuff.com',''),(46,'Sam Klein','306','sklein@autonomoustuff.com',''),(47,'Erik Knott','','',''),(48,'Aaron Leesman','','aleesman@autonomoustuff.com',''),(49,'Mike Lemm','','mlemm@autonomoustuff.com',''),(50,'Natalie Mehn','','nmehn@autonomoustuff.com',''),(51,'Cory Mason','','cmason@autonomoustuff.com',''),(52,'Avery McDonald','','',''),(53,'Chelsea Mullins','','cmullins@autonomoustuff.com',''),(54,'Dan Mullins','','dmullins@autonomoustuff.com',''),(55,'Tasha Murphy','','tmurphy@autonomoustuff.com',''),(56,'Zachary Oakes','','zoakes@autonomoustuff.com',''),(57,'Tyler Paitner','','tpaitner@autonomoustuff.com',''),(58,'Aleigh Payne','','apayne@autonomoustuff.com',''),(59,'Aurelia Perrin','','aperrin@autonomoustuff.com',''),(60,'Marissa Perry','','',''),(61,'Nicholas Pierce','','',''),(62,'Teresa Poshard','','',''),(63,'Justin Puent','','',''),(64,'Heather Reichert','','',''),(65,'Loni Reid','','',''),(66,'Dan Robb','','',''),(67,'Ben Ross','','',''),(68,'Andy Saxsma','','',''),(69,'Tim Schlesinger','','',''),(70,'Dan Stanek','','',''),(71,'Tim Swanson','','',''),(72,'Holly Tatum','','',''),(73,'Zach Taylor','','',''),(74,'Nate Todd','','',''),(75,'Chris Vigna','','',''),(76,'Nichole Waier','','',''),(77,'Chris Warren','','',''),(78,'Joshua Whitley','','',''),(79,'Tony Wong','','',''),(80,'Jonathan Zhou','China','',''),(81,'Jeannette Beronia','California','',''),(82,'Kendra Gallup','California','',''),(83,'Cameron Gieda','California','',''),(84,'Richardo Iraheta','','',''),(85,'Wolfgang Juchmann','California','',''),(86,'JL Mitra','California','',''),(87,'Teng Hong Swee','California','',''),(88,'Marco Reiling','','',''),(89,'Matt Buedel ','Conversation','Files','Activity'),(90,'Marketing','306 Erie Ave, Morton, Illinois 61550','marketing@autonomoustuff.com',''),(91,'Steven Han','Detroit, MI','shan@autonomoustuff.com',''),(92,'Alexandru Birladeanu','10921 14th St NE Calgary, Alberta','alexandru.birladeanu@novatel.com','1.403.295.4949'),(93,'Ian Colwell','Alberta, Canada','icolwell@autonomoustuff.com',''),(94,'Veripos','','',''),(95,'Kevin van Erde','10921 14 St NE','kevin.vaneerde@novatel.com',''),(96,'Robert Ashe','Hexagon','robert.ashe@hexagon.com','1.403.295.4456'),(97,'Paul Macleod','Veripos','paul.macleod@veripos.com',''),(98,'Cullen Stone','','cstone@autonomostuff.com',''),(99,'David Stern','','dstern@autonomoustuff.com',''),(100,'Allan MacAulay','AutonomouStuff','',''),(101,'Amanda Li','AutonomouStuff','',''),(102,'Brad Miller','AutonomouStuff','bmiller@autonomoustuff.com',''),(103,'Cecille Martin','Hexagon','',''),(104,'Charon Shao','AutonomouStuff','',''),(105,'Jack Linchey','AutonomouStuff','',''),(106,'Jeffrey Liu','AutonomoouStuff','',''),(107,'John Buszek','AutonomouStuff','',''),(108,'Kermit Yu','AutonomouStuff','',''),(109,'Kyle Rector','AutonomouStuff','',''),(110,'Lucas Buckland','AutonomouStuff','',''),(111,'Russel Ledford','AutonomouStuff','',''),(112,'Scott Bailey','AutonomouStuff','',''),(113,'Skyler Couch','AutonomouStuff','',''),(114,'Spencer Snider','AutonomouStuff','',''),(115,'Tom Rapp','AutonomouStuff','',''),(116,'Walter Lewis','AutonomouStuff','','');
/*!40000 ALTER TABLE `people` ENABLE KEYS */;
UNLOCK TABLES;

--
-- Table structure for table `software`
--

DROP TABLE IF EXISTS `software`;
/*!40101 SET @saved_cs_client     = @@character_set_client */;
/*!40101 SET character_set_client = utf8 */;
CREATE TABLE `software` (
  `ID` int(100) NOT NULL,
  `Name` varchar(100) DEFAULT NULL,
  `Type` varchar(100) DEFAULT NULL,
  `License` varchar(200) DEFAULT NULL,
  `Owner_ID` int(11) NOT NULL,
  `Price` int(11) DEFAULT NULL,
  `Status` varchar(255) DEFAULT NULL,
  `Annual` int(11) DEFAULT NULL,
  `Purchased_Date` timestamp NOT NULL DEFAULT CURRENT_TIMESTAMP ON UPDATE CURRENT_TIMESTAMP,
  PRIMARY KEY (`ID`),
  KEY `Owner_ID` (`Owner_ID`),
  CONSTRAINT `software_ibfk_1` FOREIGN KEY (`Owner_ID`) REFERENCES `people` (`ID`)
) ENGINE=InnoDB DEFAULT CHARSET=latin1;
/*!40101 SET character_set_client = @saved_cs_client */;

--
-- Dumping data for table `software`
--

LOCK TABLES `software` WRITE;
/*!40000 ALTER TABLE `software` DISABLE KEYS */;
INSERT INTO `software` VALUES (0,'VMware Workstation 15 Player','Virtual Machine','JM096-40H41-488EN-051AH-2T8HM',6,150,'Active',NULL,'2019-03-14 19:46:03'),(1,'VMware Workstation 15 Player','Virtual Machine','JM096-40H41-488EN-051AH-2T8HM',37,150,'Active',NULL,'2019-03-14 19:46:03'),(2,'VMware Workstation 15 Player','Virtual Machine','JM096-40H41-488EN-051AH-2T8HM',2,150,'Active',NULL,'2019-03-14 19:46:03'),(3,'VMware Workstation 15 Player','Virtual Machine','JM096-40H41-488EN-051AH-2T8HM',18,150,'Active',NULL,'2019-03-14 19:46:03'),(4,'VMware Workstation 15 Player','Virtual Machine','JM096-40H41-488EN-051AH-2T8HM',49,150,'Active',NULL,'2019-03-14 19:46:03'),(5,'VMware Workstation 15 Player','Virtual Machine','JM096-40H41-488EN-051AH-2T8HM',23,150,'Active',NULL,'2019-03-14 19:46:03'),(6,'VMware Workstation 15 Player','Virtual Machine','JM096-40H41-488EN-051AH-2T8HM',75,150,'Active',NULL,'2019-03-14 19:46:03'),(7,'VMware Workstation 15 Player','Virtual Machine','JM096-40H41-488EN-051AH-2T8HM',98,150,'Active',NULL,'2019-03-14 19:46:03'),(8,'VMware Workstation 15 Player','Virtual Machine','JM096-40H41-488EN-051AH-2T8HM',99,150,'Active',NULL,'2019-03-14 19:46:03'),(9,'Office 365 Business Premium','O365','',48,150,'Active',NULL,'2019-03-14 19:46:03'),(10,'Office 365 Business Premium','O365','',44,150,'Active',NULL,'2019-03-14 19:46:03'),(11,'Office 365 Business Premium','O365','',19,150,'Active',NULL,'2019-03-14 19:46:03'),(12,'Office 365 Business Premium','O365','',58,150,'Active',NULL,'2019-03-14 19:46:03'),(13,'Office 365 Business Premium','O365','',100,150,'Active',NULL,'2019-03-14 19:46:03'),(14,'Office 365 Business Premium','O365','',101,150,'Active',NULL,'2019-03-14 19:46:03'),(15,'Office 365 Business Premium','O365','',8,150,'Active',NULL,'2019-03-14 19:46:03'),(16,'Office 365 Business Premium','O365','',68,150,'Active',NULL,'2019-03-14 19:46:03'),(17,'Office 365 Business Premium','O365','',10,150,'Active',NULL,'2019-03-14 19:46:03'),(18,'Office 365 Business Premium','O365','',59,150,'Active',NULL,'2019-03-14 19:46:03'),(19,'Office 365 Business Premium','O365','',52,150,'Active',NULL,'2019-03-14 19:46:03'),(20,'Office 365 Business Premium','O365','',20,150,'Active',NULL,'2019-03-14 19:46:03'),(21,'Office 365 Business Premium','O365','',16,150,'Active',NULL,'2019-03-14 19:46:03'),(22,'Project Online Professional','O365','',40,360,'Active',NULL,'2019-03-14 19:46:03'),(23,'Office 365 Business Premium','O365','',40,150,'Active',NULL,'2019-03-14 19:46:03'),(24,'Office 365 Business Premium','O365','',67,150,'Active',NULL,'2019-03-14 19:46:03'),(25,'Office 365 Business Premium','O365','',102,150,'Active',NULL,'2019-03-14 19:46:03'),(26,'Office 365 Business Premium','O365','',11,150,'Active',NULL,'2019-03-14 19:46:03'),(27,'Office 365 Business Premium','O365','',36,150,'Active',NULL,'2019-03-14 19:46:03'),(28,'Office 365 Business Premium','O365','',83,150,'Active',NULL,'2019-03-14 19:46:03'),(29,'Office 365 Business Essentials','O365','',103,150,'Active',NULL,'2019-03-14 19:46:03'),(30,'Office 365 Business Essentials','O365','',104,150,'Active',NULL,'2019-03-14 19:46:03'),(31,'Office 365 Business Premium','O365','',53,150,'Active',NULL,'2019-03-14 19:46:03'),(32,'Office 365 Business Premium','O365','',15,150,'Active',NULL,'2019-03-14 19:46:03'),(33,'Office 365 Business Premium','O365','',77,150,'Active',NULL,'2019-03-14 19:46:03'),(34,'Office 365 Business Premium','O365','',75,150,'Active',NULL,'2019-03-14 19:46:03'),(35,'Office 365 Business Premium','O365','',51,150,'Active',NULL,'2019-03-14 19:46:03'),(36,'Microsoft Flow Free','O365','',51,0,'Active',NULL,'2019-03-14 19:46:03'),(37,'Office 365 Business Premium','O365','',98,150,'Active',NULL,'2019-03-14 19:46:03'),(38,'Office 365 Business Premium','O365','',54,150,'Active',NULL,'2019-03-14 19:46:03'),(39,'Office 365 Business Premium','O365','',9,150,'Active',NULL,'2019-03-14 19:46:03'),(40,'Office 365 Business Premium','O365','',67,150,'Active',NULL,'2019-03-14 19:46:03'),(41,'Office 365 Business Premium','O365','',66,150,'Active',NULL,'2019-03-14 19:46:03'),(42,'Office 365 Business Premium','O365','',70,150,'Active',NULL,'2019-03-14 19:46:03'),(43,'Office 365 Business Premium','O365','',99,150,'Active',NULL,'2019-03-14 19:46:03'),(44,'Office 365 Business Premium','O365','',29,150,'Active',NULL,'2019-03-14 19:46:03'),(45,'Office 365 Business Premium','O365','',41,150,'Active',NULL,'2019-03-14 19:46:03'),(46,'Office 365 Business Premium','O365','',64,150,'Active',NULL,'2019-03-14 19:46:03'),(47,'Office 365 Advanced Threat Protection Plan 1','O365','',72,60,'Active',NULL,'2019-03-14 19:46:03'),(48,'Office 365 Business Premium','O365','',72,150,'Active',NULL,'2019-03-14 19:46:03'),(49,'Office 365 Business Premium','O365','',93,150,'Active',NULL,'2019-03-14 19:46:03'),(50,'Office 365 Business Premium','O365','',105,150,'Active',NULL,'2019-03-14 19:46:03'),(51,'Office 365 Business Premium','O365','',81,150,'Active',NULL,'2019-03-14 19:46:03'),(52,'Office 365 Business Essential','O365','',106,60,'Active',NULL,'2019-03-14 19:46:03'),(53,'Office 365 Business Premium','O365','',22,150,'Active',NULL,'2019-03-14 19:46:03'),(54,'Office 365 Business Premium','O365','',86,150,'Active',NULL,'2019-03-14 19:46:03'),(55,'Visio Online Plan 2','O365','',86,180,'Active',NULL,'2019-03-14 19:46:03'),(56,'Project Online Essentials','O365','',17,108,'Active',NULL,'2019-03-14 19:46:03'),(57,'Microsoft Flow Free','O365','',17,0,'Active',NULL,'2019-03-14 19:46:03'),(58,'Office 365 Business Premium','O365','',17,150,'Active',NULL,'2019-03-14 19:46:03'),(59,'Office 365 Business Premium','O365','',1,150,'Active',NULL,'2019-03-14 19:46:03'),(60,'Office 365 Business Premium','O365','',42,150,'Active',NULL,'2019-03-14 19:46:03'),(61,'Office 365 Business Premium','O365','',107,150,'Active',NULL,'2019-03-14 19:46:03'),(62,'Office 365 Business Premium','O365','',45,150,'Active',NULL,'2019-03-14 19:46:03'),(63,'Office 365 Business Premium','O365','',80,150,'Active',NULL,'2019-03-14 19:46:03'),(64,'Office 365 Business Premium','O365','',7,150,'Active',NULL,'2019-03-14 19:46:03'),(65,'Office 365 Business Premium','O365','',78,150,'Active',NULL,'2019-03-14 19:46:03'),(66,'Office 365 Business Premium','O365','',5,150,'Active',NULL,'2019-03-14 19:46:03'),(67,'Office 365 Business Premium','O365','',63,150,'Active',NULL,'2019-03-14 19:46:03'),(68,'Office 365 Business Premium','O365','',12,150,'Active',NULL,'2019-03-14 19:46:03'),(69,'Office 365 Business Premium','O365','',26,150,'Active',NULL,'2019-03-14 19:46:03'),(70,'Office 365 Business Essentials','O365','',108,150,'Active',NULL,'2019-03-14 19:46:03'),(71,'Office 365 Business Premium','O365','',14,150,'Active',NULL,'2019-03-14 19:46:03'),(72,'Office 365 Business Premium','O365','',24,150,'Active',NULL,'2019-03-14 19:46:03'),(73,'Office 365 Business Premium','O365','',39,150,'Active',NULL,'2019-03-14 19:46:03'),(74,'Office 365 Business Premium','O365','',109,150,'Active',NULL,'2019-03-14 19:46:03'),(75,'Office 365 Business Premium','O365','',35,150,'Active',NULL,'2019-03-14 19:46:03'),(76,'Office 365 Business Premium','O365','',13,150,'Active',NULL,'2019-03-14 19:46:03'),(77,'Office 365 Business Premium','O365','',65,150,'Active',NULL,'2019-03-14 19:46:03'),(78,'Office 365 Business Premium','O365','',110,150,'Active',NULL,'2019-03-14 19:46:03'),(79,'Office 365 Business Premium','O365','',88,150,'Active',NULL,'2019-03-14 19:46:03'),(80,'Office 365 Business Premium','O365','',60,150,'Active',NULL,'2019-03-14 19:46:03'),(81,'Office 365 Business Premium','O365','',89,150,'Active',NULL,'2019-03-14 19:46:03'),(82,'OFfice 365 Business Premium','O365','',28,150,'Active',NULL,'2019-03-14 19:46:03'),(83,'Project Online Professional','O365','',28,360,'Active',NULL,'2019-03-14 19:46:03'),(84,'Microsoft Flow Free','O365','',28,0,'Active',NULL,'2019-03-14 19:46:03'),(85,'Office 365 Business Premium','O365','',49,150,'Active',NULL,'2019-03-14 19:46:03'),(86,'Office 365 Business Premium','O365','',2,150,'Active',NULL,'2019-03-14 19:46:03'),(87,'Office 365 Business Premium','O365','',50,150,'Active',NULL,'2019-03-14 19:46:03'),(88,'Office 365 Business Premium','O365','',37,150,'Active',NULL,'2019-03-14 19:46:03'),(89,'Office 365 Business Premium','O365','',74,150,'Active',NULL,'2019-03-14 19:46:03'),(90,'Office 365 Business Preimum','O365',' ',61,150,'Active',NULL,'2019-03-14 19:46:03'),(91,'Office 365 Business Preimum','O365',' ',76,150,'Active',NULL,'2019-03-14 19:46:03'),(92,'Office 365 Business Preimum','O365',' ',34,150,'Active',NULL,'2019-03-14 19:46:03'),(93,'Office 365 Business Preimum','O365',' ',84,150,'Active',NULL,'2019-03-14 19:46:03'),(94,'Office 365 Business Preimum','O365',' ',43,150,'Active',NULL,'2019-03-14 19:46:03'),(95,'Office 365 Advanced Threat Protection Plan 1','O365','',43,60,'Active',NULL,'2019-03-14 19:46:03'),(96,'Office 365 Business Preimum','O365',' ',30,150,'Active',NULL,'2019-03-14 19:46:03'),(97,'Office 365 Business Preimum','O365',' ',32,150,'Active',NULL,'2019-03-14 19:46:03'),(98,'Office 365 Business Preimum','O365',' ',111,150,'Active',NULL,'2019-03-14 19:46:03'),(99,'Office 365 Business Preimum','O365',' ',46,150,'Active',NULL,'2019-03-14 19:46:03'),(100,'Project Online Essentials','O365','',46,108,'Active',NULL,'2019-03-14 19:46:03'),(101,'Office 365 Business Preimum','O365',' ',4,150,'Active',NULL,'2019-03-14 19:46:03'),(102,'Office 365 Business Preimum','O365',' ',23,150,'Active',NULL,'2019-03-14 19:46:03'),(103,'Office 365 Business Preimum','O365',' ',112,150,'Active',NULL,'2019-03-14 19:46:03'),(104,'Office 365 Business Preimum','O365',' ',25,150,'Active',NULL,'2019-03-14 19:46:03'),(105,'Office 365 Business Preimum','O365',' ',113,150,'Active',NULL,'2019-03-14 19:46:03'),(106,'Office 365 Business Preimum','O365',' ',27,150,'Active',NULL,'2019-03-14 19:46:03'),(107,'Office 365 Business Preimum','O365',' ',114,150,'Active',NULL,'2019-03-14 19:46:03'),(108,'Office 365 Business Preimum','O365',' ',91,150,'Active',NULL,'2019-03-14 19:46:03'),(109,'Office 365 Business Preimum','O365',' ',55,150,'Active',NULL,'2019-03-14 19:46:03'),(110,'Office 365 Business Preimum','O365',' ',87,150,'Active',NULL,'2019-03-14 19:46:03'),(111,'Office 365 Business Preimum','O365',' ',3,150,'Active',NULL,'2019-03-14 19:46:03'),(112,'Office 365 Business Preimum','O365',' ',62,150,'Active',NULL,'2019-03-14 19:46:03'),(113,'Office 365 Business Preimum','O365',' ',71,150,'Active',NULL,'2019-03-14 19:46:03'),(114,'Office 365 Business Preimum','O365',' ',69,150,'Active',NULL,'2019-03-14 19:46:03'),(115,'Office 365 Business Preimum','O365',' ',115,150,'Active',NULL,'2019-03-14 19:46:03'),(116,'Office 365 Business Preimum','O365',' ',21,150,'Active',NULL,'2019-03-14 19:46:03'),(117,'Office 365 Business Preimum','O365',' ',18,150,'Active',NULL,'2019-03-14 19:46:03'),(118,'Office 365 Business Preimum','O365',' ',57,150,'Active',NULL,'2019-03-14 19:46:03'),(119,'Office 365 Business Preimum','O365',' ',6,150,'Active',NULL,'2019-03-14 19:46:03'),(120,'Office 365 Business Preimum','O365',' ',116,150,'Active',NULL,'2019-03-14 19:46:03'),(121,'Office 365 Business Preimum','O365',' ',85,150,'Active',NULL,'2019-03-14 19:46:03'),(122,'Office 365 Business Preimum','O365',' ',56,150,'Active',NULL,'2019-03-14 19:46:03'),(123,'Office 365 Business Preimum','O365',' ',73,150,'Active',NULL,'2019-03-14 19:46:03');
/*!40000 ALTER TABLE `software` ENABLE KEYS */;
UNLOCK TABLES;

--
-- Table structure for table `tickets`
--

DROP TABLE IF EXISTS `tickets`;
/*!40101 SET @saved_cs_client     = @@character_set_client */;
/*!40101 SET character_set_client = utf8 */;
CREATE TABLE `tickets` (
  `ID` int(150) NOT NULL,
  `Created` timestamp NOT NULL DEFAULT CURRENT_TIMESTAMP,
  `Due` timestamp NULL DEFAULT NULL,
  `Category` varchar(150) DEFAULT NULL,
  `Title` varchar(150) DEFAULT NULL,
  `Responder` int(11) DEFAULT NULL,
  `Requester` int(11) DEFAULT NULL,
  `Elevation` varchar(150) DEFAULT NULL,
  `Status` varchar(150) DEFAULT NULL,
  PRIMARY KEY (`ID`),
  KEY `Responder` (`Responder`),
  KEY `Requester` (`Requester`),
  CONSTRAINT `tickets_ibfk_1` FOREIGN KEY (`Responder`) REFERENCES `people` (`ID`),
  CONSTRAINT `tickets_ibfk_2` FOREIGN KEY (`Requester`) REFERENCES `people` (`ID`)
) ENGINE=InnoDB DEFAULT CHARSET=utf8;
/*!40101 SET character_set_client = @saved_cs_client */;

--
-- Dumping data for table `tickets`
--

LOCK TABLES `tickets` WRITE;
/*!40000 ALTER TABLE `tickets` DISABLE KEYS */;
INSERT INTO `tickets` VALUES (0,'2019-01-11 20:28:17','2019-01-11 20:28:17','Development','Create First Ticket',46,46,'0','46'),(1,'2019-03-04 13:25:04','2019-03-04 13:25:04','NovAtel','Send Report to NovAtel',46,46,'3','4'),(2,'2019-03-04 13:54:59','2019-03-04 13:54:59','Desktop','Provide information about Ubuntu ACPI',46,91,'2','4'),(3,'2019-03-04 07:57:28','2019-03-04 07:57:28','Server','Set time for local help desk server',46,0,'0','4'),(4,'2019-03-04 08:01:20','2019-03-04 08:01:20','Administration','Write report for Lee Baldwin - 5th',46,13,'3','4'),(5,'2019-03-04 08:49:49','2019-03-04 08:49:49','Security','Reduce spam sent to ZenDesk Support for AutonomouStuff',46,77,'0','4'),(6,'2019-03-04 09:16:21','2019-03-04 09:16:21','Desktop','Ubuntu troubleshooting',46,91,'3','4'),(7,'2019-03-04 11:07:56','2019-03-04 11:07:56','Software','Gantt Chart software options',46,44,'3','4'),(8,'2019-03-04 11:16:25','2019-03-04 11:16:25','NovAtel','Reboot Juniper',46,92,'0','4'),(9,'2019-03-04 13:37:16','2019-03-04 13:37:16','Information Security','Check RadarSensors - Payment Remittance email',46,39,'2','4'),(10,'2019-03-04 13:46:08','2019-03-04 13:46:08','Desktop','Wipe MacBook Pro',46,12,'0','4'),(11,'2019-03-04 13:56:59','2019-03-04 13:56:59','EcoBee','Heating at 306',46,32,'3','4'),(12,'2019-03-04 15:15:07','2019-03-04 15:15:07','System Administration','Update Quote Review groups',46,57,'1','4'),(13,'2019-03-05 14:15:29','2019-03-05 14:15:29','System Administration','Streamlining emails',46,52,'0','3'),(14,'2019-03-05 14:16:12','2019-03-05 14:16:12','System Administration','Dell Precision 5330 Deployed',46,52,'2','4'),(15,'2019-03-05 16:50:29','2019-03-05 16:50:29','Network','Meet with contractor',46,44,'0','4'),(16,'2019-03-05 16:53:19','2019-03-05 16:53:19','System Administration','Dropbox price for 240 TB',46,13,'2','4'),(17,'2019-03-05 16:54:32','2019-03-05 16:54:32','System Administration','Data Storage L&L Test',46,86,'3','4'),(18,'2019-03-05 16:57:47','2019-03-05 16:57:47','Network','Check on activity of jklein',46,50,'1','4'),(19,'2019-03-05 17:22:35','2019-03-05 17:22:35','System Administration','Meet with JL Mitra for equipment test',46,86,'0','3'),(20,'2019-03-05 17:26:14','2019-03-05 17:26:14','Network','Check for suggestion about fiber and wireless',46,13,'3','4'),(21,'2019-03-05 18:33:46','2019-03-05 18:33:46','Desktop','Install dual boot with Windows and Ubuntu',46,27,'0','4'),(22,'2019-03-05 19:09:45','2019-03-05 19:09:45','Network','310 wifi d/u speed are bad',46,4,'3','4'),(23,'2019-03-05 19:48:30','2019-03-05 19:48:30','Network','Move user jcrofts to Ethernet',46,0,'3','4'),(24,'2019-03-05 20:08:04','2019-03-05 20:08:04','Network','Tape cables out of the way for Natalie',46,50,'0','4'),(25,'2019-03-05 22:08:59','2019-03-05 22:08:59','Administration','Software licensing organization',46,41,'0','1'),(26,'2019-03-05 22:12:07','2019-03-05 22:12:07','System Administration','Create a function for tracking software licenses in equipment',46,41,'0','1'),(27,'2019-03-06 14:37:11','2019-03-06 14:37:11','System Administration','Research the pros and cons of distribution vs groups',46,65,'0','4'),(28,'2019-03-06 14:50:25','2019-03-06 14:50:25','Desktop','Macbook Pro issues',46,53,'2','2'),(29,'2019-03-06 15:12:43','2019-03-06 15:12:43','Desktop','Find different brands of USB C docks',46,39,'0','4'),(30,'2019-03-06 16:19:04','2019-03-06 16:19:04','System Administration','Find a solution for California phone system',46,52,'0','3'),(31,'2019-03-06 16:21:19','2019-03-06 16:21:19','Network','Create a VPN connection between 306 to California office',46,52,'0','0'),(32,'2019-03-06 18:21:25','2019-03-06 18:21:25','NovAtel','Store package',46,10,'0','4'),(33,'2019-03-06 20:21:32','2019-03-06 20:21:32','System Administration','Deploy ast-icolwell',46,52,'3','4'),(34,'2019-03-06 20:22:24','2019-03-06 20:22:24','System Administration','Deploy phone for cmartin',46,52,'0','4'),(35,'2019-03-06 20:23:37','2019-03-06 20:23:37','System Administration','Deploy ast-shan',46,52,'3','4'),(36,'2019-03-06 20:24:21','2019-03-06 20:24:21','NovAtel','Assist NovAtel with access to server room',46,10,'46','4'),(37,'2019-03-06 21:05:55','2019-03-06 21:05:55','System Administration','Demo how to use mkdir on srustan',46,4,'0','4'),(38,'2019-03-06 21:15:16','2019-03-06 21:15:16','Network','Check rogue wifi router broadcast',46,0,'3','4'),(39,'2019-03-06 22:33:36','2019-03-06 22:33:36','Administration','AC HV contract',46,13,'2','4'),(40,'2019-03-07 20:02:28','2019-03-07 20:02:28','Desktop','Install VPN client on ast-shan and ast-icolwell',46,91,'3','4'),(41,'2019-03-07 20:03:40','2019-03-07 20:03:40','Server','Clean up database responder to requester',46,0,'3','4'),(42,'2019-03-07 20:04:30','2019-03-07 20:04:30','Server','Setup reporting for database information tickets',46,0,'0','0'),(43,'2019-03-07 20:25:39','2019-03-07 20:25:39','System Administration','Migrate GitHub and Trello tickets to new ticket system',46,13,'0','4'),(44,'2019-03-07 21:44:16','2019-03-07 21:44:16','Desktop','Dual boot Ubuntu with Windows',46,11,'0','4'),(45,'2019-01-07 06:00:01','2019-01-07 06:00:01','System Administration','ATP License for nwaier and rlee',46,43,'0','4'),(46,'2019-01-17 06:00:01','2019-01-17 06:00:01','Server','Unix-based software prompting complete',46,0,'0','4'),(47,'2019-01-07 06:00:01','2019-01-07 06:00:01','System Administration','Export data to Dropbox from Rhodes',46,12,'0','4'),(48,'2019-01-17 06:00:01','2019-01-17 06:00:01','System Administration','OneDrive configuration 5 TB per user',46,57,'0','4'),(49,'2019-01-21 06:00:01','2019-01-21 06:00:01','System Administration','Setup OneDrive for Sales',46,76,'0','4'),(50,'2019-03-07 06:00:01','2019-03-07 06:00:01','Information Security','Opening hyperlink in phone',46,76,'3','4'),(51,'2019-03-08 16:12:58','2019-03-08 16:12:58','System Administration','Track and order purchases for VM player',46,11,'0','4'),(52,'2019-01-21 06:00:01','2019-01-21 06:00:01','EcoBee','Investigate why EcoBee is offline at 601',46,19,'3','4'),(53,'2019-01-21 06:00:01','2019-01-21 06:00:01','System Administration','Work with Greg to create co-authoring solution for Excel',46,76,'3','4'),(54,'2019-01-18 06:00:01','2019-01-18 06:00:01','NovAtel','Assist with scheduling meeting between Lee and NovAtel',46,13,'0','4'),(55,'2019-01-21 06:00:01','2019-01-21 06:00:01','Administration','Meeting with Lee about NovAtel proposal',46,13,'2','4'),(56,'2019-01-18 06:00:01','2019-01-18 06:00:01','Administration','Software license management init',46,52,'0','4'),(57,'2019-01-18 06:00:01','2019-01-18 06:00:01','System Administration','Add Jeannette Beronia to Sales Team',46,81,'0','4'),(58,'2019-01-18 06:00:01','2019-01-18 06:00:01','System Administration','GoToMeeting for Engineering',46,17,'0','4'),(59,'2019-01-18 06:00:01','2019-01-18 06:00:01','Network','Update firmware to v6.0.4 build0231 GA',46,0,'3','4'),(60,'2019-01-17 06:00:01','2019-01-17 06:00:01','System Administration','Visio License',46,86,'0','4'),(61,'2019-01-17 06:00:01','2019-01-17 06:00:01','Network','Assisting Veripos',46,94,'3','4'),(62,'2019-01-17 06:00:01','2019-01-17 06:00:01','Network','Install Juniper',46,92,'3','4'),(63,'2019-01-17 06:00:01','2019-01-17 06:00:01','Network','Setup second port on 306 ISP',46,92,'3','4'),(64,'2019-01-17 06:00:01','2019-01-17 06:00:01','Network','Setup hardware GNSS Receiver',46,92,'0','4'),(65,'2019-01-17 06:00:01','2019-01-17 06:00:01','Network','Mount GNSS to dry wall',46,3,'2','4'),(66,'2019-01-17 06:00:01','2019-01-17 06:00:01','Development','Demostrate docker, dockerhub, fabric on virtual machine network',46,4,'0','4'),(67,'2019-01-17 06:00:01','2019-01-17 06:00:01','Development','Answer questions about docker',46,4,'2','4'),(68,'2019-01-17 06:00:01','2019-01-17 06:00:01','Development','Answer question about network clustering',46,4,'0','4'),(69,'2019-01-17 06:00:01','2019-01-17 06:00:01','System Administration','Considering different phone conference options',46,41,'3','4'),(70,'2019-01-17 06:00:01','2019-01-17 06:00:01','Administration','Meet with Engineers about NIST and NovAtel upgrade',46,40,'0','4'),(71,'2019-01-17 06:00:01','2019-01-17 06:00:01','System Administration','Demo SharePoint and OneDrive',46,57,'3','4'),(72,'2019-01-17 06:00:01','2019-01-17 06:00:01','System Administration','Show differences between Dropbox and OneDrive',46,41,'3','4'),(73,'2019-01-17 06:00:01','2019-01-17 06:00:01','System Administration','Figure out size of Dropbox 2 percent of 100 TB',46,41,'2','4'),(74,'2019-01-24 06:00:01','2019-01-24 06:00:01','EcoBee','troubleshoot issue with EcoBee',46,32,'3','4'),(75,'2019-01-24 06:00:01','2019-01-24 06:00:01','Administration','Create password list',46,13,'3','4'),(76,'2019-01-23 06:00:01','2019-01-23 06:00:01','Systems Administration','Restore Sales Forecast on Dropbox',46,76,'3','4'),(77,'2019-03-08 17:27:47','2019-03-08 17:27:47','System Administration','Add 26th to Holiday on ShoreTel',46,52,'3','4'),(78,'2019-03-08 17:33:43','2019-03-08 17:33:43','Desktop','Install VM vmware',46,11,'0','0'),(79,'2019-03-08 17:34:22','2019-03-08 17:34:22','Desktop','Install VM for Beau',46,20,'0','0'),(80,'2019-03-08 17:50:06','2019-03-08 17:50:06','Network','Assist NovAtel with GNSS Receivers',46,95,'0','4'),(81,'2019-03-08 17:53:19','2019-03-08 17:53:19','System Administration','Find FortiGate Switch at San Jose',46,52,'0','4'),(82,'2019-03-08 18:42:44','2019-03-08 18:42:44','System Administration','Determine if conference phone can be used in setup at San Jose',46,52,'0','4'),(83,'2018-01-21 06:00:01','2018-01-21 06:00:01','Network','Chris is connected the wrong subnet',46,75,'3','4'),(84,'2018-01-21 06:00:01','2018-01-21 06:00:01','Administration','Move snacks from server room',46,13,'2','4'),(85,'2018-01-21 06:00:01','2018-01-21 06:00:01','Desktop','Sharing sales files on desktop',46,41,'3','4'),(86,'2019-01-21 06:00:01','2019-01-21 06:00:01','Administration','Create list of priorities',46,13,'0','4'),(87,'2019-01-21 06:00:01','2019-01-21 06:00:01','Desktop','Issue with refreshing O365 web application automatically',46,81,'0','4'),(88,'2019-01-21 06:00:01','2019-01-21 06:00:01','Network','Question about GNSS cluster project',46,16,'3','4'),(89,'2019-01-28 06:00:01','2019-01-28 06:00:01','Network','Reorganize patch cables at 310',46,13,'2','4'),(90,'2019-01-22 06:00:01','2019-01-22 06:00:01','System Administration','Deploy ast-kjacob',46,39,'3','4'),(91,'2019-01-22 06:00:01','2019-01-22 06:00:01','System Administration','Change contact information for Joe Driscoll',46,1,'0','4'),(92,'2019-01-22 06:00:01','2019-01-22 06:00:01','Administration','Docking station for Uriel',46,6,'0','4'),(93,'2019-01-22 06:00:01','2019-01-22 06:00:01','Network','Subnet 169.254.*.* on network channel 1',46,0,'3','4'),(94,'2019-01-21 06:00:01','2019-01-21 06:00:01','Administration','Audit 306 equipment',46,0,'0','4'),(95,'2019-01-23 06:00:01','2019-01-23 06:00:01','Desktop','Repair old Macbook',46,0,'0','4'),(96,'2019-01-23 06:00:01','2019-01-28 06:00:01','Administration','Tour AutonomouStuff with NovAtel',46,92,'2','4'),(97,'2019-03-08 20:04:35','2019-03-08 20:04:35','System Administration','Retrieve email trace',46,10,'3','4'),(98,'2019-03-08 22:19:31','2019-03-08 22:19:31','System Administration','Setup Network Share via Samba',46,4,'2','4'),(99,'2019-03-12 15:20:22','2019-03-12 15:20:22','Administration','Quote for Phone in California',46,52,'3','4'),(100,'2019-03-12 15:21:46','2019-03-12 15:21:46','Desktop','Skype Business appears when not installed',46,16,'0','4'),(101,'2019-03-12 15:23:09','2019-03-12 15:23:09','System Administration','Restart password',46,42,'3','4'),(102,'2019-03-12 15:24:19','2019-03-12 15:24:19','System Administration','Record live L and L for Engineering',46,12,'3','4'),(103,'2019-03-12 15:25:22','2019-03-12 15:25:22','System Administration','Reset Zenefits password',46,43,'3','4'),(104,'2019-03-12 15:28:12','2019-03-12 15:28:12','System Administration','Kevin B locked self out of 601',46,14,'0','4'),(105,'2019-03-12 15:42:36','2019-03-12 15:42:36','Administration','Quote for Bulk Printer',46,41,'0','2'),(106,'2019-03-12 15:43:06','2019-03-12 15:43:06','Administration','NIST with Adam Kidd',46,44,'0','4'),(107,'2019-03-12 15:47:07','2019-03-12 15:47:07','System Administration','Remove Joe Kale from Teams',46,78,'3','4'),(108,'2019-03-12 15:48:19','2019-03-12 15:48:19','System Administration','Test microphone and video for L and L',46,12,'3','4'),(109,'2019-03-12 19:06:51','2019-03-12 19:06:51','System Administration','Show how to use Microsoft Forms',46,12,'0','4'),(110,'2019-03-12 19:17:37','2019-03-12 19:17:37','System Administration','Update date for Data Storage L and L',46,12,'0','4'),(111,'2019-03-12 19:22:22','2019-03-12 19:22:22','System Administration','Change system time for HelpDesk site',46,12,'0','4'),(112,'2019-03-12 19:49:59','2019-03-12 19:49:59','System Administration','Upload L and L video to DropBox in HR folder',46,12,'3','4'),(113,'2018-12-14 06:00:01','2019-04-30 05:00:01','System Administration','Ask about Visio Subscription',46,86,'0','3'),(114,'2019-03-12 20:22:51','2019-03-12 20:22:51','Desktop','Adding calendar item',46,81,'3','4'),(115,'2019-03-12 20:23:24','2019-03-12 20:23:24','Administration','Routine upload of inventory for HR-IT',46,12,'3','4'),(116,'2019-03-12 20:43:47','2019-03-12 20:43:47','Administration','Alain Cool change email',46,19,'0','2'),(117,'2019-03-12 20:55:11','2019-03-12 20:55:11','System Administration','Calendar default selection',46,81,'4','4'),(118,'2019-03-12 20:57:26','2019-03-12 20:57:26','Administration','Create sign out sheet for server room',46,13,'0','4'),(119,'2019-03-13 13:38:14','2019-03-13 13:38:14','Desktop','Suspend question',46,93,'3','4'),(120,'2019-03-13 14:30:17','2019-03-13 14:30:17','Desktop','Question about Excel version',46,39,'3','4'),(121,'2019-03-13 14:45:45','2019-03-13 14:45:45','Desktop','Location of astuff-check',46,93,'3','4'),(122,'2019-03-13 14:47:02','2019-03-13 14:47:02','System Administration','BTU of new server room',46,74,'3','4'),(123,'2019-03-13 15:10:42','2019-03-13 15:10:42','Network','Find data rate per frequency',46,13,'3','4'),(124,'2019-03-13 15:16:08','2019-03-13 15:16:08','System Administration','Determine why license not activateing VMware',46,24,'1','4'),(125,'2019-03-13 16:34:04','2019-03-13 16:34:04','Network','Phase 1 infrastructure upgrade overview',46,13,'2','4'),(126,'2019-03-13 17:18:58','2019-03-13 17:18:58','Administration','Update Joe about Quote and receive word',46,59,'0','2'),(127,'2019-03-13 18:22:14','2019-03-13 18:22:14','Administration','Allan MacAulay',46,96,'3','4'),(128,'2019-03-13 20:52:46','2019-03-13 20:52:46','System Administration','Wipe Rachel computer',46,52,'1','4'),(129,'2019-03-13 21:01:36','2019-03-13 21:01:36','Desktop','Brave Browser',46,52,'3','4'),(130,'2019-03-14 13:40:43','2019-03-14 13:40:43','Administration','Additional 240 circuit for server room',46,13,'3','1'),(131,'2019-03-14 13:55:38','2019-03-14 13:55:38','Administration','Track 14 VMware licenses',46,24,'0','1'),(132,'2019-03-14 13:57:03','2019-03-14 13:57:03','Network','Reset NovAtel Receiver',46,97,'3','4'),(133,'2019-03-14 13:58:10','2019-03-14 13:58:10','System Administration','Monthly Product Spotlight',46,12,'0','3'),(134,'2019-03-14 17:21:37','2019-03-14 17:21:37','Network','Problem with NovAtel interanet',46,95,'3','4'),(135,'2019-03-14 17:22:18','2019-03-14 17:22:18','System Administration','Data storage of 20 TB in Azure quote',46,13,'3','4'),(136,'2019-03-14 17:35:29','2019-03-14 17:35:29','Administration','Allow NovAtel inside server room',46,95,'3','4'),(137,'2019-03-14 19:49:17','2019-03-14 19:49:17','Server','Dates for VMware and Office in Software',46,0,'0','0'),(138,'2019-03-14 19:50:08','2019-03-14 19:50:08','Development','Create software annual and purchased date inputs',45,0,'0','0'),(139,'2019-03-14 19:51:04','2019-03-14 19:51:04','Development','Create ticket complete date',46,0,'0','0'),(140,'2019-03-14 19:52:41','2019-03-14 19:52:41','Administration','Provide 601 door security key',46,64,'3','4'),(141,'2019-03-14 20:27:15','2019-03-14 20:27:15','Desktop','Troubleshoot monitors',46,65,'3','4'),(142,'2019-03-14 20:50:16','2019-03-14 20:50:16','Development','Switch address to company in people',46,0,'0','0');
/*!40000 ALTER TABLE `tickets` ENABLE KEYS */;
UNLOCK TABLES;
/*!40103 SET TIME_ZONE=@OLD_TIME_ZONE */;

/*!40101 SET SQL_MODE=@OLD_SQL_MODE */;
/*!40014 SET FOREIGN_KEY_CHECKS=@OLD_FOREIGN_KEY_CHECKS */;
/*!40014 SET UNIQUE_CHECKS=@OLD_UNIQUE_CHECKS */;
/*!40101 SET CHARACTER_SET_CLIENT=@OLD_CHARACTER_SET_CLIENT */;
/*!40101 SET CHARACTER_SET_RESULTS=@OLD_CHARACTER_SET_RESULTS */;
/*!40101 SET COLLATION_CONNECTION=@OLD_COLLATION_CONNECTION */;
/*!40111 SET SQL_NOTES=@OLD_SQL_NOTES */;

-- Dump completed on 2019-03-14 16:06:05
